frame,x_center,y_center,face_area,similarity
2,0.5145447,0.46582586,0.13701804,0.9856172204017639
3,0.51461726,0.46371222,0.13541195,0.958928644657135
4,0.51712036,0.46117553,0.1300523,0.8942014575004578
5,0.51767915,0.45588452,0.12806031,0.8413515686988831
6,0.51655203,0.44908467,0.12518162,0.6897440552711487
7,0.515434,0.44014454,0.12127762,0.5603789687156677
8,0.51655394,0.4318155,0.115689196,0.46001389622688293
9,0.5155774,0.4278867,0.11123852,0.23880085349082947
10,0.515452,0.422433,0.10320046,0.20433707535266876
11,0.51582694,0.4185065,0.09924867,0.17072339355945587
12,0.51482415,0.41252828,0.094526276,0.1674046516418457
13,0.51564586,0.41050217,0.090286955,0.14346177875995636
14,0.5170525,0.4090894,0.08616985,0.10955704748630524
15,0.51843053,0.40664166,0.081201546,0.11051622778177261
16,0.5179794,0.40466276,0.07696365,0.09873562306165695
17,0.5200293,0.40435642,0.07416715,0.09269227087497711
18,0.52024525,0.40458208,0.07196852,0.041819553822278976
19,0.52107,0.40499222,0.069321424,-0.006595992483198643
20,0.521255,0.40546387,0.06865303,-0.02085667848587036
21,0.521092,0.40632302,0.06663212,-0.039071742445230484
22,0.52161354,0.40669614,0.06407478,-0.08350295573472977
23,0.521892,0.4070455,0.062424272,-0.06512347608804703
24,0.5220251,0.40818325,0.06148368,-0.06161503493785858
25,0.5219413,0.4082534,0.060510878,-0.0551520511507988
26,0.52247405,0.40795422,0.059946578,-0.05588579177856445
27,0.5231579,0.4082257,0.059641592,-0.05921151489019394
28,0.523055,0.40868646,0.05945699,-0.05153350159525871
29,0.52320194,0.40833774,0.05909918,-0.04683612287044525
30,0.52336246,0.40881518,0.059439205,-0.0467621311545372
31,0.5230293,0.40922004,0.060519975,-0.055308349430561066
32,0.52356625,0.4102002,0.06086627,-0.0446196123957634
33,0.5236545,0.4107204,0.06123307,-0.04840350151062012
34,0.5240732,0.41102558,0.061740413,-0.04461396485567093
35,0.5241016,0.4123964,0.06289508,-0.03761819377541542
36,0.52424854,0.4137191,0.06412494,-0.03943679854273796
37,0.52506965,0.41647583,0.06636372,-0.018411600962281227
38,0.52559954,0.41901714,0.06918888,-0.0119200823828578
39,0.52574915,0.41978875,0.07150591,0.017336348071694374
40,0.5249612,0.42228723,0.074783534,0.03968672454357147
41,0.52434707,0.42598432,0.07951249,0.09038924425840378
42,0.5237174,0.4298609,0.0850928,0.10500924289226532
43,0.5232921,0.43307778,0.089029685,0.12205322086811066
44,0.522495,0.43789715,0.0932001,0.17381121218204498
45,0.5225895,0.44475108,0.09872564,0.2491483986377716
46,0.5223672,0.44827896,0.10087778,0.3562347888946533
47,0.52074474,0.45412865,0.110439576,0.5813857316970825
48,0.5204787,0.46148425,0.11261188,0.5986422896385193
49,0.52094924,0.4665653,0.1120227,0.619377076625824
50,0.51962876,0.47473595,0.11583389,0.5995048880577087
51,0.5193238,0.47907633,0.11474318,0.6201229691505432
52,0.51790404,0.48112476,0.12031133,0.7205262780189514
53,0.5182015,0.4867767,0.1159929,0.7200425267219543
54,0.5179679,0.49157792,0.11664203,0.717536985874176
55,0.5170192,0.494758,0.12120304,0.7711116075515747
56,0.5166975,0.4974072,0.120722584,0.8125695586204529
57,0.5149331,0.50219434,0.118070066,0.7614520192146301
58,0.51467925,0.5040517,0.11841639,0.7898876070976257
59,0.51672465,0.5028407,0.11929455,0.8421258330345154
60,0.51653886,0.5048574,0.11815563,0.8331090211868286
61,0.51677716,0.50688255,0.1170729,0.8248528838157654
62,0.5172848,0.5111384,0.11806016,0.8305038809776306
63,0.5174996,0.5156722,0.11870349,0.8353437185287476
64,0.5176828,0.51971215,0.121436514,0.8578068017959595
65,0.5180134,0.5268566,0.11985758,0.8483620882034302
66,0.51836026,0.5378255,0.119226135,0.8430359959602356
67,0.5187347,0.5447024,0.119269945,0.7930874228477478
68,0.51979446,0.55716974,0.1132788,0.7694851160049438
69,0.5200597,0.56452906,0.11302256,0.6998565793037415
70,0.5207614,0.5745315,0.1109017,0.6703306436538696
71,0.5207154,0.58318204,0.11017608,0.6493465304374695
72,0.5197029,0.59171474,0.1094981,0.6722130179405212
73,0.51957345,0.60121775,0.10567449,0.6309368014335632
74,0.5192723,0.6092762,0.105863914,0.6265966296195984
75,0.519612,0.6170627,0.105986066,0.5715013742446899
76,0.5207353,0.62979674,0.097673945,0.4503398537635803
77,0.52063674,0.6362749,0.09662879,0.39066141843795776
78,0.5235584,0.6450343,0.09564476,0.3520248234272003
79,0.5239871,0.6552466,0.09787259,0.36270758509635925
80,0.5233196,0.66419697,0.09475554,0.31400996446609497
81,0.5239594,0.66819763,0.092293076,0.3036223351955414
82,0.52431154,0.67237556,0.085211724,0.23479413986206055
83,0.5232727,0.66953737,0.08498808,0.2422144114971161
84,0.5220627,0.67766917,0.08353796,0.23841191828250885
85,0.5213769,0.6827779,0.08152126,0.1875959187746048
86,0.51952565,0.68574834,0.07988035,0.16158463060855865
87,0.52075016,0.7008498,0.09123751,0.19651000201702118
88,0.52068937,0.69845164,0.0945028,0.23199689388275146
89,0.52167326,0.7076303,0.09150965,0.17472895979881287
90,0.52179056,0.7157297,0.08913013,0.14516910910606384
91,0.52087647,0.7099581,0.08067829,0.12751750648021698
92,0.51998925,0.71908987,0.08703495,0.1602625995874405
93,0.51771253,0.7222219,0.08976245,0.12302245944738388
94,0.51774186,0.72277373,0.09017661,0.1291947215795517
95,0.5162046,0.7186159,0.0872346,0.13595527410507202
96,0.5131147,0.7206545,0.092116736,0.13150286674499512
97,0.5101881,0.7125608,0.089873195,0.12028323113918304
98,0.51000774,0.7121981,0.09229203,0.14043091237545013
99,0.5071807,0.7108698,0.09516597,0.16946056485176086
100,0.50720704,0.71002054,0.09836852,0.18472398817539215
101,0.50420296,0.7048855,0.09540506,0.17937086522579193
102,0.5040572,0.6961118,0.100507416,0.18369056284427643
103,0.5040853,0.68626547,0.1014801,0.25243526697158813
104,0.50651467,0.69044787,0.11205747,0.30929145216941833
105,0.5050905,0.6719198,0.11524369,0.35933050513267517
106,0.50431466,0.64955735,0.114011124,0.41926664113998413
107,0.5033696,0.6351557,0.11916983,0.5856307744979858
108,0.5015882,0.6162208,0.12463707,0.6379379630088806
109,0.5018955,0.60254574,0.12703538,0.651175320148468
110,0.5025392,0.5892885,0.13242549,0.6871595978736877
111,0.5016689,0.5753108,0.13197263,0.7361615300178528
112,0.5028038,0.5638974,0.13207604,0.7659687399864197
113,0.50396794,0.55434155,0.13251251,0.7865374684333801
114,0.5060389,0.5457995,0.13109718,0.8116170167922974
115,0.50701684,0.53830755,0.13182111,0.8386871218681335
116,0.50786984,0.5333899,0.12947871,0.845533549785614
117,0.5082811,0.5307376,0.12728955,0.8494048714637756
118,0.5102708,0.52593815,0.12647118,0.8418911695480347
119,0.51057035,0.5255566,0.12483843,0.8530002236366272
120,0.51010716,0.52527374,0.12353307,0.8525844216346741
121,0.50950974,0.52482337,0.1223159,0.8371466398239136
122,0.51030225,0.5250044,0.12170055,0.846349835395813
123,0.51153874,0.5250537,0.12091329,0.8505716919898987
124,0.51441705,0.5258358,0.121139236,0.8515713810920715
125,0.51635563,0.5264023,0.12002002,0.8207558989524841
126,0.51709527,0.529284,0.12008353,0.705788791179657
127,0.52273476,0.52959436,0.12025474,0.6138899326324463
128,0.5326383,0.5290414,0.1192724,0.48002299666404724
129,0.54365486,0.529147,0.11624247,0.4269014894962311
130,0.55745125,0.5262201,0.114055395,0.25610867142677307
131,0.5667023,0.52207404,0.11124383,0.1844860166311264
132,0.58009744,0.51786244,0.107458174,0.18751870095729828
133,0.6050234,0.5185186,0.10518572,0.17307595908641815
134,0.61972225,0.51691765,0.10446359,0.1978769451379776
135,0.6291139,0.51316464,0.10902037,0.19852370023727417
136,0.63916194,0.5136154,0.1059122,0.16405056416988373
137,0.6463038,0.5135722,0.10584907,0.15270565450191498
138,0.65368706,0.5168282,0.103721224,0.1471140831708908
139,0.65701985,0.5164462,0.10393188,0.13026978075504303
140,0.6600101,0.5174615,0.10346425,0.1322626769542694
141,0.664312,0.5190562,0.1034576,0.15052103996276855
142,0.6686848,0.5240575,0.103692584,0.12585414946079254
143,0.67205477,0.52781355,0.101757735,0.11316696554422379
144,0.6739243,0.5288358,0.1023412,0.11912329494953156
145,0.6754028,0.53187126,0.101423234,0.10719798505306244
146,0.6772499,0.53227025,0.1010401,0.12060422450304031
147,0.68027085,0.53356844,0.09969333,0.11812365055084229
148,0.6826061,0.533406,0.099962756,0.146476149559021
149,0.682328,0.53550106,0.09990074,0.13995228707790375
150,0.68212605,0.53552914,0.100299224,0.15077726542949677
151,0.6815502,0.53607315,0.09998694,0.14840184152126312
152,0.6807014,0.53552294,0.1009455,0.15472103655338287
153,0.6793405,0.53560466,0.101322405,0.15987883508205414
154,0.6785647,0.53660804,0.100775994,0.1477023810148239
155,0.6779068,0.53692067,0.10095066,0.14498832821846008
156,0.67717874,0.53772384,0.10085549,0.13416741788387299
157,0.6757726,0.5381913,0.10110492,0.11793644726276398
158,0.672707,0.5394839,0.10075772,0.10218378156423569
159,0.67010415,0.5395036,0.10050511,0.08345011621713638
160,0.6667175,0.53970397,0.10080746,0.09845153987407684
161,0.6640393,0.5408875,0.10092949,0.0764973983168602
162,0.66212875,0.5422235,0.10075288,0.07332517206668854
163,0.6591965,0.54158944,0.10195353,0.07934240251779556
164,0.6579534,0.542024,0.102076694,0.0891711637377739
165,0.65278554,0.5417576,0.10258655,0.08499152958393097
166,0.64679533,0.54195297,0.10361868,0.0887298509478569
167,0.63643193,0.54233897,0.10362986,0.10489936918020248
168,0.62102896,0.54256064,0.107045785,0.15923461318016052
169,0.6027046,0.5403892,0.108331196,0.17312447726726532
170,0.575852,0.54237294,0.10736435,0.16680873930454254
171,0.56045246,0.5417981,0.10977591,0.22872836887836456
172,0.53888714,0.5433705,0.115382165,0.3712244927883148
173,0.521415,0.5423013,0.11970155,0.4596557915210724
174,0.510278,0.54224855,0.114873126,0.5599663853645325
175,0.49718183,0.54075915,0.118605055,0.650948703289032
176,0.48941967,0.54037553,0.11783376,0.7239568829536438
177,0.4828214,0.54045177,0.116496615,0.7731813788414001
178,0.47679484,0.5404506,0.11546094,0.806940495967865
179,0.47324964,0.54050887,0.115266725,0.7909739017486572
180,0.4687206,0.54081523,0.11520175,0.7689218521118164
181,0.4665688,0.5415505,0.11473726,0.7442162036895752
182,0.46579844,0.5421573,0.114656396,0.7503628134727478
183,0.46408382,0.5419271,0.11781733,0.7526575326919556
184,0.46397156,0.54239005,0.11765836,0.755698561668396
185,0.46475613,0.543433,0.1177732,0.7640764713287354
186,0.46672392,0.5444685,0.117438875,0.7686653733253479
187,0.46830076,0.5454295,0.117397465,0.7757044434547424
188,0.4693869,0.5459182,0.11701872,0.780511200428009
189,0.47131968,0.5463339,0.117006145,0.7845044732093811
190,0.47263873,0.5470123,0.117035136,0.7697581648826599
191,0.47310364,0.5477226,0.11657231,0.7642838954925537
192,0.4727156,0.5482499,0.116565436,0.7598018646240234
193,0.47092295,0.549042,0.11656038,0.7614871263504028
194,0.46901184,0.5498995,0.11561255,0.6864733099937439
195,0.46227518,0.55018467,0.11569486,0.6439430117607117
196,0.45383644,0.5512604,0.11569255,0.506924033164978
197,0.44331875,0.55311024,0.114434466,0.3398221433162689
198,0.42937046,0.54954445,0.11762809,0.2751435935497284
199,0.4144926,0.55173177,0.11512207,0.18109191954135895
200,0.39771685,0.5471108,0.114170074,0.21978294849395752
201,0.37843788,0.5547642,0.10623183,0.14685973525047302
202,0.35879084,0.54624134,0.11568888,0.1508447825908661
203,0.34267458,0.5469359,0.11254949,0.14710374176502228
204,0.32772216,0.5481218,0.110921726,0.1417839080095291
205,0.31654406,0.5466478,0.11037032,0.11429787427186966
206,0.30685246,0.5465414,0.108722344,0.07473018020391464
207,0.2957692,0.5471877,0.10490741,0.05482647940516472
208,0.2899519,0.5461247,0.104292855,0.05852195993065834
209,0.28306586,0.5468459,0.102085814,0.05179077014327049
210,0.2780678,0.5468761,0.10162273,0.0664350837469101
211,0.27378148,0.5487503,0.09844553,0.06000227481126785
212,0.27258232,0.54951966,0.097678386,0.07500866800546646
213,0.27015164,0.55231404,0.094598114,0.07303439825773239
214,0.26927793,0.55191326,0.09440096,0.06625714153051376
215,0.26970056,0.55224645,0.094006866,0.06210113689303398
216,0.26985022,0.5527315,0.093591385,0.07015761733055115
217,0.2701927,0.55269957,0.09328213,0.05473718419671059
218,0.27081093,0.55325115,0.09290392,0.06487702578306198
219,0.27177182,0.55349183,0.09268927,0.07378258556127548
220,0.2754141,0.5543622,0.09065151,0.060322895646095276
221,0.27604648,0.55448043,0.090287216,0.06256868690252304
222,0.2747036,0.55343163,0.09205321,0.056464340537786484
223,0.27517027,0.553537,0.09217314,0.07098323851823807
224,0.2766947,0.55357206,0.092624865,0.06350281089544296
225,0.2802685,0.5548385,0.091407426,0.07676443457603455
226,0.28162792,0.5548862,0.092034906,0.0695236474275589
227,0.2832742,0.5549977,0.09288366,0.08095129579305649
228,0.2848137,0.5549123,0.09339942,0.08431853353977203
229,0.28569233,0.5547754,0.093685694,0.08664458990097046
230,0.28794533,0.5547067,0.09466505,0.07969240844249725
231,0.29065597,0.551585,0.10005128,0.07595736533403397
232,0.29314205,0.551403,0.101275705,0.06160397455096245
233,0.29742897,0.55199397,0.1022346,0.05900928005576134
234,0.30796012,0.5518995,0.10652213,0.06558138877153397
235,0.3191104,0.5510179,0.10882207,0.10445991903543472
236,0.32957232,0.55162317,0.11079684,0.14607416093349457
237,0.34601736,0.5507329,0.11301598,0.16943807899951935
238,0.36334127,0.5500958,0.116956666,0.1699799746274948
239,0.38258484,0.55211,0.11547391,0.1906677931547165
240,0.39564562,0.55605745,0.110941716,0.1787962168455124
241,0.41138586,0.5555415,0.11874664,0.20538869500160217
242,0.4239906,0.55401385,0.12105374,0.21767234802246094
243,0.43134698,0.55331016,0.12198934,0.28866127133369446
244,0.43978,0.5554249,0.11770792,0.35133060812950134
245,0.44931677,0.5555161,0.11864033,0.3711221516132355
246,0.45441097,0.555813,0.11773028,0.5253594517707825
247,0.45667282,0.5541814,0.1239487,0.6452168822288513
248,0.4605093,0.55579406,0.12386939,0.6727735996246338
249,0.4643711,0.55907184,0.11832262,0.6735253930091858
250,0.46646154,0.5591807,0.11887557,0.7109779715538025
251,0.46687964,0.5597932,0.11923936,0.6988491415977478
252,0.46675375,0.560023,0.11979911,0.736335813999176
253,0.46766928,0.5599488,0.11930399,0.7428419589996338
254,0.4680697,0.5601061,0.119618796,0.7652789950370789
255,0.4686613,0.5593365,0.11946801,0.7842841744422913
256,0.46947077,0.5589968,0.11926294,0.7801828980445862
257,0.46922386,0.56029177,0.119073324,0.785505473613739
258,0.46882418,0.5597735,0.11866246,0.7879955768585205
259,0.46865585,0.5606011,0.11888703,0.7940940856933594
260,0.46809572,0.5610445,0.118581206,0.796441912651062
261,0.4666387,0.56231064,0.118554935,0.7935221791267395
262,0.46456254,0.5636033,0.11837715,0.7973119020462036
