frame_id,mode,file,face_detected,similarity,match_030,match_035,match_040,match_045,match_050,match_055,match_060
5,ATAQUE,frame_000005_ATAQUE.jpg,1,0.505152,1,1,1,1,1,0,0
10,ATAQUE,frame_000010_ATAQUE.jpg,1,0.526649,1,1,1,1,1,0,0
15,ATAQUE,frame_000015_ATAQUE.jpg,1,0.602979,1,1,1,1,1,1,1
20,ATAQUE,frame_000020_ATAQUE.jpg,1,0.609926,1,1,1,1,1,1,1
25,ATAQUE,frame_000025_ATAQUE.jpg,1,0.657257,1,1,1,1,1,1,1
30,ATAQUE,frame_000030_ATAQUE.jpg,1,0.615750,1,1,1,1,1,1,1
35,ATAQUE,frame_000035_ATAQUE.jpg,1,0.625320,1,1,1,1,1,1,1
40,ATAQUE,frame_000040_ATAQUE.jpg,1,0.607790,1,1,1,1,1,1,1
45,ATAQUE,frame_000045_ATAQUE.jpg,1,0.559407,1,1,1,1,1,1,0
50,ATAQUE,frame_000050_ATAQUE.jpg,1,0.450525,1,1,1,1,0,0,0
55,ATAQUE,frame_000055_ATAQUE.jpg,1,0.473581,1,1,1,1,0,0,0
60,ATAQUE,frame_000060_ATAQUE.jpg,1,0.607626,1,1,1,1,1,1,1
65,ATAQUE,frame_000065_ATAQUE.jpg,1,0.588901,1,1,1,1,1,1,0
70,ATAQUE,frame_000070_ATAQUE.jpg,1,0.487549,1,1,1,1,0,0,0
75,ATAQUE,frame_000075_ATAQUE.jpg,1,0.405928,1,1,1,0,0,0,0
80,ATAQUE,frame_000080_ATAQUE.jpg,1,0.353255,1,1,0,0,0,0,0
85,ATAQUE,frame_000085_ATAQUE.jpg,1,0.266487,0,0,0,0,0,0,0
90,ATAQUE,frame_000090_ATAQUE.jpg,1,0.281454,0,0,0,0,0,0,0
95,ATAQUE,frame_000095_ATAQUE.jpg,1,0.341141,1,0,0,0,0,0,0
100,ATAQUE,frame_000100_ATAQUE.jpg,1,0.491390,1,1,1,1,0,0,0
105,ATAQUE,frame_000105_ATAQUE.jpg,1,0.453032,1,1,1,1,0,0,0
110,ATAQUE,frame_000110_ATAQUE.jpg,1,0.139092,0,0,0,0,0,0,0
115,ATAQUE,frame_000115_ATAQUE.jpg,1,0.134374,0,0,0,0,0,0,0
120,ATAQUE,frame_000120_ATAQUE.jpg,1,0.325867,1,0,0,0,0,0,0
125,ATAQUE,frame_000125_ATAQUE.jpg,1,0.616991,1,1,1,1,1,1,1
130,ATAQUE,frame_000130_ATAQUE.jpg,1,0.564923,1,1,1,1,1,1,0
135,ATAQUE,frame_000135_ATAQUE.jpg,1,0.598881,1,1,1,1,1,1,0
140,ATAQUE,frame_000140_ATAQUE.jpg,1,0.621585,1,1,1,1,1,1,1
145,ATAQUE,frame_000145_ATAQUE.jpg,1,0.599266,1,1,1,1,1,1,0
150,ATAQUE,frame_000150_ATAQUE.jpg,1,0.630440,1,1,1,1,1,1,1
155,ATAQUE,frame_000155_ATAQUE.jpg,1,0.659975,1,1,1,1,1,1,1
160,ATAQUE,frame_000160_ATAQUE.jpg,1,0.664286,1,1,1,1,1,1,1
165,ATAQUE,frame_000165_ATAQUE.jpg,1,0.619994,1,1,1,1,1,1,1
170,ATAQUE,frame_000170_ATAQUE.jpg,1,0.624497,1,1,1,1,1,1,1
175,ATAQUE,frame_000175_ATAQUE.jpg,1,0.642268,1,1,1,1,1,1,1
180,ATAQUE,frame_000180_ATAQUE.jpg,1,0.654996,1,1,1,1,1,1,1
185,ATAQUE,frame_000185_ATAQUE.jpg,1,0.629864,1,1,1,1,1,1,1
190,ATAQUE,frame_000190_ATAQUE.jpg,1,0.557142,1,1,1,1,1,1,0
195,ATAQUE,frame_000195_ATAQUE.jpg,1,0.693231,1,1,1,1,1,1,1
200,ATAQUE,frame_000200_ATAQUE.jpg,1,0.691021,1,1,1,1,1,1,1
205,ATAQUE,frame_000205_ATAQUE.jpg,1,0.691556,1,1,1,1,1,1,1
210,ATAQUE,frame_000210_ATAQUE.jpg,1,0.694755,1,1,1,1,1,1,1
215,ATAQUE,frame_000215_ATAQUE.jpg,1,0.708133,1,1,1,1,1,1,1
220,ATAQUE,frame_000220_ATAQUE.jpg,1,0.655914,1,1,1,1,1,1,1
225,ATAQUE,frame_000225_ATAQUE.jpg,1,0.528356,1,1,1,1,1,0,0
230,ATAQUE,frame_000230_ATAQUE.jpg,1,0.540867,1,1,1,1,1,0,0
235,ATAQUE,frame_000235_ATAQUE.jpg,1,0.545757,1,1,1,1,1,0,0
240,ATAQUE,frame_000240_ATAQUE.jpg,1,0.589937,1,1,1,1,1,1,0
245,ATAQUE,frame_000245_ATAQUE.jpg,1,0.665347,1,1,1,1,1,1,1
250,ATAQUE,frame_000250_ATAQUE.jpg,1,0.620278,1,1,1,1,1,1,1
255,ATAQUE,frame_000255_ATAQUE.jpg,1,0.654852,1,1,1,1,1,1,1
260,ATAQUE,frame_000260_ATAQUE.jpg,1,0.577075,1,1,1,1,1,1,0
265,ATAQUE,frame_000265_ATAQUE.jpg,1,0.642405,1,1,1,1,1,1,1
270,ATAQUE,frame_000270_ATAQUE.jpg,1,0.639660,1,1,1,1,1,1,1
275,ATAQUE,frame_000275_ATAQUE.jpg,1,0.601554,1,1,1,1,1,1,1
280,ATAQUE,frame_000280_ATAQUE.jpg,1,0.560356,1,1,1,1,1,1,0
285,ATAQUE,frame_000285_ATAQUE.jpg,1,0.567763,1,1,1,1,1,1,0
290,ATAQUE,frame_000290_ATAQUE.jpg,1,0.523615,1,1,1,1,1,0,0
295,ATAQUE,frame_000295_ATAQUE.jpg,1,0.532461,1,1,1,1,1,0,0
300,ATAQUE,frame_000300_ATAQUE.jpg,1,0.461145,1,1,1,1,0,0,0
305,ATAQUE,frame_000305_ATAQUE.jpg,1,0.078934,0,0,0,0,0,0,0
310,ATAQUE,frame_000310_ATAQUE.jpg,1,0.061210,0,0,0,0,0,0,0
315,ATAQUE,frame_000315_ATAQUE.jpg,1,0.075808,0,0,0,0,0,0,0
320,ATAQUE,frame_000320_ATAQUE.jpg,1,0.074758,0,0,0,0,0,0,0
325,ATAQUE,frame_000325_ATAQUE.jpg,1,0.106485,0,0,0,0,0,0,0
330,ATAQUE,frame_000330_ATAQUE.jpg,1,0.096681,0,0,0,0,0,0,0
335,ATAQUE,frame_000335_ATAQUE.jpg,1,0.082645,0,0,0,0,0,0,0
340,ATAQUE,frame_000340_ATAQUE.jpg,1,0.067823,0,0,0,0,0,0,0
345,ATAQUE,frame_000345_ATAQUE.jpg,1,0.116537,0,0,0,0,0,0,0
350,ATAQUE,frame_000350_ATAQUE.jpg,1,0.105622,0,0,0,0,0,0,0
355,ATAQUE,frame_000355_ATAQUE.jpg,1,0.105455,0,0,0,0,0,0,0
360,ATAQUE,frame_000360_ATAQUE.jpg,1,0.082565,0,0,0,0,0,0,0
365,ATAQUE,frame_000365_ATAQUE.jpg,1,0.093802,0,0,0,0,0,0,0
370,ATAQUE,frame_000370_ATAQUE.jpg,1,-0.033879,0,0,0,0,0,0,0
375,ATAQUE,frame_000375_ATAQUE.jpg,1,0.013538,0,0,0,0,0,0,0
380,ATAQUE,frame_000380_ATAQUE.jpg,1,0.109055,0,0,0,0,0,0,0
385,ATAQUE,frame_000385_ATAQUE.jpg,1,0.102744,0,0,0,0,0,0,0
390,ATAQUE,frame_000390_ATAQUE.jpg,1,0.127534,0,0,0,0,0,0,0
395,ATAQUE,frame_000395_ATAQUE.jpg,1,0.077354,0,0,0,0,0,0,0
400,ATAQUE,frame_000400_ATAQUE.jpg,1,0.321513,1,0,0,0,0,0,0
405,ATAQUE,frame_000405_ATAQUE.jpg,1,0.561211,1,1,1,1,1,1,0
410,ATAQUE,frame_000410_ATAQUE.jpg,1,0.509788,1,1,1,1,1,0,0
415,ATAQUE,frame_000415_ATAQUE.jpg,1,0.488744,1,1,1,1,0,0,0
420,ATAQUE,frame_000420_ATAQUE.jpg,1,0.532215,1,1,1,1,1,0,0
425,ATAQUE,frame_000425_ATAQUE.jpg,1,0.541735,1,1,1,1,1,0,0
430,ATAQUE,frame_000430_ATAQUE.jpg,1,0.570508,1,1,1,1,1,1,0
435,ATAQUE,frame_000435_ATAQUE.jpg,1,0.585459,1,1,1,1,1,1,0
440,ATAQUE,frame_000440_ATAQUE.jpg,1,0.600605,1,1,1,1,1,1,1
445,ATAQUE,frame_000445_ATAQUE.jpg,1,0.600046,1,1,1,1,1,1,1
450,ATAQUE,frame_000450_ATAQUE.jpg,1,0.577491,1,1,1,1,1,1,0
455,ATAQUE,frame_000455_ATAQUE.jpg,1,0.616768,1,1,1,1,1,1,1
460,ATAQUE,frame_000460_ATAQUE.jpg,1,0.626866,1,1,1,1,1,1,1
465,ATAQUE,frame_000465_ATAQUE.jpg,1,0.666153,1,1,1,1,1,1,1
470,ATAQUE,frame_000470_ATAQUE.jpg,1,0.605182,1,1,1,1,1,1,1
475,ATAQUE,frame_000475_ATAQUE.jpg,1,0.575217,1,1,1,1,1,1,0
480,ATAQUE,frame_000480_ATAQUE.jpg,1,0.566494,1,1,1,1,1,1,0
485,ATAQUE,frame_000485_ATAQUE.jpg,1,0.606164,1,1,1,1,1,1,1
490,ATAQUE,frame_000490_ATAQUE.jpg,1,0.622792,1,1,1,1,1,1,1
495,ATAQUE,frame_000495_ATAQUE.jpg,1,0.626105,1,1,1,1,1,1,1
500,ATAQUE,frame_000500_ATAQUE.jpg,1,0.611586,1,1,1,1,1,1,1
505,ATAQUE,frame_000505_ATAQUE.jpg,1,0.597892,1,1,1,1,1,1,0
510,ATAQUE,frame_000510_ATAQUE.jpg,1,0.610037,1,1,1,1,1,1,1
515,ATAQUE,frame_000515_ATAQUE.jpg,1,0.644918,1,1,1,1,1,1,1
520,ATAQUE,frame_000520_ATAQUE.jpg,1,0.623259,1,1,1,1,1,1,1
525,ATAQUE,frame_000525_ATAQUE.jpg,1,0.623899,1,1,1,1,1,1,1
530,ATAQUE,frame_000530_ATAQUE.jpg,1,0.640815,1,1,1,1,1,1,1
535,ATAQUE,frame_000535_ATAQUE.jpg,1,0.675809,1,1,1,1,1,1,1
540,ATAQUE,frame_000540_ATAQUE.jpg,1,0.655131,1,1,1,1,1,1,1
545,ATAQUE,frame_000545_ATAQUE.jpg,1,0.656995,1,1,1,1,1,1,1
550,ATAQUE,frame_000550_ATAQUE.jpg,1,0.643010,1,1,1,1,1,1,1
555,ATAQUE,frame_000555_ATAQUE.jpg,1,0.630330,1,1,1,1,1,1,1
560,ATAQUE,frame_000560_ATAQUE.jpg,1,0.610733,1,1,1,1,1,1,1
565,ATAQUE,frame_000565_ATAQUE.jpg,1,0.552835,1,1,1,1,1,1,0
570,ATAQUE,frame_000570_ATAQUE.jpg,1,0.565762,1,1,1,1,1,1,0
575,ATAQUE,frame_000575_ATAQUE.jpg,1,0.568290,1,1,1,1,1,1,0
580,ATAQUE,frame_000580_ATAQUE.jpg,1,0.547636,1,1,1,1,1,0,0
585,ATAQUE,frame_000585_ATAQUE.jpg,1,0.580558,1,1,1,1,1,1,0
590,ATAQUE,frame_000590_ATAQUE.jpg,1,0.571975,1,1,1,1,1,1,0
595,ATAQUE,frame_000595_ATAQUE.jpg,1,0.565162,1,1,1,1,1,1,0
600,ATAQUE,frame_000600_ATAQUE.jpg,1,0.566298,1,1,1,1,1,1,0
605,ATAQUE,frame_000605_ATAQUE.jpg,1,0.595375,1,1,1,1,1,1,0
610,ATAQUE,frame_000610_ATAQUE.jpg,1,0.567653,1,1,1,1,1,1,0
615,ATAQUE,frame_000615_ATAQUE.jpg,1,0.576260,1,1,1,1,1,1,0
620,ATAQUE,frame_000620_ATAQUE.jpg,1,0.572659,1,1,1,1,1,1,0
625,ATAQUE,frame_000625_ATAQUE.jpg,1,0.562193,1,1,1,1,1,1,0
630,ATAQUE,frame_000630_ATAQUE.jpg,1,0.583753,1,1,1,1,1,1,0
635,ATAQUE,frame_000635_ATAQUE.jpg,1,0.569455,1,1,1,1,1,1,0
640,ATAQUE,frame_000640_ATAQUE.jpg,1,0.565723,1,1,1,1,1,1,0
645,ATAQUE,frame_000645_ATAQUE.jpg,1,0.586936,1,1,1,1,1,1,0
650,ATAQUE,frame_000650_ATAQUE.jpg,1,0.581835,1,1,1,1,1,1,0
655,ATAQUE,frame_000655_ATAQUE.jpg,1,0.588527,1,1,1,1,1,1,0
660,ATAQUE,frame_000660_ATAQUE.jpg,1,0.600329,1,1,1,1,1,1,1
665,ATAQUE,frame_000665_ATAQUE.jpg,1,0.583799,1,1,1,1,1,1,0
670,ATAQUE,frame_000670_ATAQUE.jpg,1,0.587032,1,1,1,1,1,1,0
675,ATAQUE,frame_000675_ATAQUE.jpg,1,0.608728,1,1,1,1,1,1,1
680,ATAQUE,frame_000680_ATAQUE.jpg,1,0.559655,1,1,1,1,1,1,0
685,ATAQUE,frame_000685_ATAQUE.jpg,1,0.590814,1,1,1,1,1,1,0
690,ATAQUE,frame_000690_ATAQUE.jpg,1,0.586081,1,1,1,1,1,1,0
695,ATAQUE,frame_000695_ATAQUE.jpg,1,0.594965,1,1,1,1,1,1,0
700,ATAQUE,frame_000700_ATAQUE.jpg,1,0.583056,1,1,1,1,1,1,0
705,ATAQUE,frame_000705_ATAQUE.jpg,1,0.595405,1,1,1,1,1,1,0
710,ATAQUE,frame_000710_ATAQUE.jpg,1,0.580980,1,1,1,1,1,1,0
715,ATAQUE,frame_000715_ATAQUE.jpg,1,0.546206,1,1,1,1,1,0,0
720,ATAQUE,frame_000720_ATAQUE.jpg,1,0.570007,1,1,1,1,1,1,0
725,ATAQUE,frame_000725_ATAQUE.jpg,1,0.574825,1,1,1,1,1,1,0
730,ATAQUE,frame_000730_ATAQUE.jpg,1,0.572526,1,1,1,1,1,1,0
735,ATAQUE,frame_000735_ATAQUE.jpg,1,0.584828,1,1,1,1,1,1,0
740,ATAQUE,frame_000740_ATAQUE.jpg,1,0.585634,1,1,1,1,1,1,0
745,ATAQUE,frame_000745_ATAQUE.jpg,1,0.587325,1,1,1,1,1,1,0
750,ATAQUE,frame_000750_ATAQUE.jpg,1,0.576854,1,1,1,1,1,1,0
755,ATAQUE,frame_000755_ATAQUE.jpg,1,0.590104,1,1,1,1,1,1,0
760,ATAQUE,frame_000760_ATAQUE.jpg,1,0.597086,1,1,1,1,1,1,0
765,ATAQUE,frame_000765_ATAQUE.jpg,1,0.618262,1,1,1,1,1,1,1
770,ATAQUE,frame_000770_ATAQUE.jpg,1,0.591986,1,1,1,1,1,1,0
775,ATAQUE,frame_000775_ATAQUE.jpg,1,0.637418,1,1,1,1,1,1,1
780,ATAQUE,frame_000780_ATAQUE.jpg,1,0.637317,1,1,1,1,1,1,1
785,ATAQUE,frame_000785_ATAQUE.jpg,1,0.609295,1,1,1,1,1,1,1
790,ATAQUE,frame_000790_ATAQUE.jpg,1,0.595621,1,1,1,1,1,1,0
795,ATAQUE,frame_000795_ATAQUE.jpg,1,0.611204,1,1,1,1,1,1,1
800,ATAQUE,frame_000800_ATAQUE.jpg,1,0.627245,1,1,1,1,1,1,1
805,ATAQUE,frame_000805_ATAQUE.jpg,1,0.616875,1,1,1,1,1,1,1
810,ATAQUE,frame_000810_ATAQUE.jpg,1,0.606247,1,1,1,1,1,1,1
815,ATAQUE,frame_000815_ATAQUE.jpg,1,0.582842,1,1,1,1,1,1,0
820,ATAQUE,frame_000820_ATAQUE.jpg,1,0.538189,1,1,1,1,1,0,0
825,ATAQUE,frame_000825_ATAQUE.jpg,1,0.544908,1,1,1,1,1,0,0
830,ATAQUE,frame_000830_ATAQUE.jpg,1,0.581838,1,1,1,1,1,1,0
835,ATAQUE,frame_000835_ATAQUE.jpg,1,0.570463,1,1,1,1,1,1,0
840,ATAQUE,frame_000840_ATAQUE.jpg,1,0.653836,1,1,1,1,1,1,1
845,ATAQUE,frame_000845_ATAQUE.jpg,1,0.654576,1,1,1,1,1,1,1
850,ATAQUE,frame_000850_ATAQUE.jpg,1,0.680966,1,1,1,1,1,1,1
855,ATAQUE,frame_000855_ATAQUE.jpg,1,0.714644,1,1,1,1,1,1,1
860,ATAQUE,frame_000860_ATAQUE.jpg,1,0.684794,1,1,1,1,1,1,1
865,ATAQUE,frame_000865_ATAQUE.jpg,1,0.666007,1,1,1,1,1,1,1
870,ATAQUE,frame_000870_ATAQUE.jpg,1,0.656820,1,1,1,1,1,1,1
875,ATAQUE,frame_000875_ATAQUE.jpg,1,0.099352,0,0,0,0,0,0,0
880,ATAQUE,frame_000880_ATAQUE.jpg,1,0.127581,0,0,0,0,0,0,0
885,ATAQUE,frame_000885_ATAQUE.jpg,1,0.180569,0,0,0,0,0,0,0
890,ATAQUE,frame_000890_ATAQUE.jpg,1,0.182633,0,0,0,0,0,0,0
895,ATAQUE,frame_000895_ATAQUE.jpg,1,0.184252,0,0,0,0,0,0,0
900,ATAQUE,frame_000900_ATAQUE.jpg,1,0.176363,0,0,0,0,0,0,0
905,ATAQUE,frame_000905_ATAQUE.jpg,1,0.134761,0,0,0,0,0,0,0
910,ATAQUE,frame_000910_ATAQUE.jpg,1,0.655247,1,1,1,1,1,1,1
915,ATAQUE,frame_000915_ATAQUE.jpg,1,0.083557,0,0,0,0,0,0,0
920,ATAQUE,frame_000920_ATAQUE.jpg,1,0.073499,0,0,0,0,0,0,0
925,ATAQUE,frame_000925_ATAQUE.jpg,1,0.031561,0,0,0,0,0,0,0
930,ATAQUE,frame_000930_ATAQUE.jpg,1,0.394514,1,1,0,0,0,0,0
935,ATAQUE,frame_000935_ATAQUE.jpg,1,0.660384,1,1,1,1,1,1,1
940,ATAQUE,frame_000940_ATAQUE.jpg,1,0.674164,1,1,1,1,1,1,1
945,ATAQUE,frame_000945_ATAQUE.jpg,1,0.639884,1,1,1,1,1,1,1
950,ATAQUE,frame_000950_ATAQUE.jpg,1,0.610852,1,1,1,1,1,1,1
955,ATAQUE,frame_000955_ATAQUE.jpg,1,0.684121,1,1,1,1,1,1,1
960,ATAQUE,frame_000960_ATAQUE.jpg,1,0.665868,1,1,1,1,1,1,1
965,ATAQUE,frame_000965_ATAQUE.jpg,1,0.652639,1,1,1,1,1,1,1
970,ATAQUE,frame_000970_ATAQUE.jpg,1,0.127009,0,0,0,0,0,0,0
975,ATAQUE,frame_000975_ATAQUE.jpg,1,0.060543,0,0,0,0,0,0,0
980,ATAQUE,frame_000980_ATAQUE.jpg,1,0.196647,0,0,0,0,0,0,0
985,ATAQUE,frame_000985_ATAQUE.jpg,1,0.579062,1,1,1,1,1,1,0
990,ATAQUE,frame_000990_ATAQUE.jpg,1,0.624527,1,1,1,1,1,1,1
995,ATAQUE,frame_000995_ATAQUE.jpg,1,0.597251,1,1,1,1,1,1,0
1000,ATAQUE,frame_001000_ATAQUE.jpg,1,0.603834,1,1,1,1,1,1,1
1005,ATAQUE,frame_001005_ATAQUE.jpg,1,0.515637,1,1,1,1,1,0,0
1010,ATAQUE,frame_001010_ATAQUE.jpg,1,0.548707,1,1,1,1,1,0,0
1015,ATAQUE,frame_001015_ATAQUE.jpg,1,0.548573,1,1,1,1,1,0,0
1020,ATAQUE,frame_001020_ATAQUE.jpg,1,0.668133,1,1,1,1,1,1,1
1025,ATAQUE,frame_001025_ATAQUE.jpg,1,0.569126,1,1,1,1,1,1,0
1030,ATAQUE,frame_001030_ATAQUE.jpg,1,0.533390,1,1,1,1,1,0,0
1035,ATAQUE,frame_001035_ATAQUE.jpg,1,0.532875,1,1,1,1,1,0,0
1040,ATAQUE,frame_001040_ATAQUE.jpg,1,0.025184,0,0,0,0,0,0,0
1045,ATAQUE,frame_001045_ATAQUE.jpg,1,0.040568,0,0,0,0,0,0,0
1050,ATAQUE,frame_001050_ATAQUE.jpg,1,-0.000157,0,0,0,0,0,0,0
1055,ATAQUE,frame_001055_ATAQUE.jpg,1,0.118586,0,0,0,0,0,0,0
1060,ATAQUE,frame_001060_ATAQUE.jpg,1,0.630133,1,1,1,1,1,1,1
1065,ATAQUE,frame_001065_ATAQUE.jpg,1,0.584286,1,1,1,1,1,1,0
1070,ATAQUE,frame_001070_ATAQUE.jpg,1,0.631817,1,1,1,1,1,1,1
1075,ATAQUE,frame_001075_ATAQUE.jpg,1,0.577174,1,1,1,1,1,1,0
1080,ATAQUE,frame_001080_ATAQUE.jpg,1,0.559627,1,1,1,1,1,1,0
1085,ATAQUE,frame_001085_ATAQUE.jpg,1,0.524636,1,1,1,1,1,0,0
1090,ATAQUE,frame_001090_ATAQUE.jpg,1,0.555344,1,1,1,1,1,1,0
1095,ATAQUE,frame_001095_ATAQUE.jpg,1,0.542694,1,1,1,1,1,0,0
1100,ATAQUE,frame_001100_ATAQUE.jpg,1,0.533334,1,1,1,1,1,0,0
1105,ATAQUE,frame_001105_ATAQUE.jpg,1,0.544210,1,1,1,1,1,0,0
1110,ATAQUE,frame_001110_ATAQUE.jpg,1,0.600861,1,1,1,1,1,1,1
1115,ATAQUE,frame_001115_ATAQUE.jpg,1,0.071066,0,0,0,0,0,0,0
1120,ATAQUE,frame_001120_ATAQUE.jpg,1,0.068187,0,0,0,0,0,0,0
1125,ATAQUE,frame_001125_ATAQUE.jpg,1,0.460447,1,1,1,1,0,0,0
1130,ATAQUE,frame_001130_ATAQUE.jpg,1,0.603094,1,1,1,1,1,1,1
1135,ATAQUE,frame_001135_ATAQUE.jpg,1,0.485707,1,1,1,1,0,0,0
1140,ATAQUE,frame_001140_ATAQUE.jpg,1,0.500896,1,1,1,1,1,0,0
1145,ATAQUE,frame_001145_ATAQUE.jpg,1,0.504769,1,1,1,1,1,0,0
1150,ATAQUE,frame_001150_ATAQUE.jpg,1,0.546288,1,1,1,1,1,0,0
1155,ATAQUE,frame_001155_ATAQUE.jpg,1,0.385188,1,1,0,0,0,0,0
1160,ATAQUE,frame_001160_ATAQUE.jpg,1,0.549200,1,1,1,1,1,0,0
1165,ATAQUE,frame_001165_ATAQUE.jpg,1,0.558622,1,1,1,1,1,1,0
1170,ATAQUE,frame_001170_ATAQUE.jpg,1,0.541262,1,1,1,1,1,0,0
1175,ATAQUE,frame_001175_ATAQUE.jpg,1,0.559262,1,1,1,1,1,1,0
1180,ATAQUE,frame_001180_ATAQUE.jpg,1,0.510366,1,1,1,1,1,0,0
1185,ATAQUE,frame_001185_ATAQUE.jpg,1,0.518677,1,1,1,1,1,0,0
1190,ATAQUE,frame_001190_ATAQUE.jpg,1,0.512885,1,1,1,1,1,0,0
1195,ATAQUE,frame_001195_ATAQUE.jpg,1,0.511002,1,1,1,1,1,0,0
1200,ATAQUE,frame_001200_ATAQUE.jpg,1,0.537478,1,1,1,1,1,0,0
1205,ATAQUE,frame_001205_ATAQUE.jpg,1,0.534339,1,1,1,1,1,0,0
1210,ATAQUE,frame_001210_ATAQUE.jpg,1,0.525376,1,1,1,1,1,0,0
1215,ATAQUE,frame_001215_ATAQUE.jpg,1,0.522620,1,1,1,1,1,0,0
1220,ATAQUE,frame_001220_ATAQUE.jpg,1,0.590369,1,1,1,1,1,1,0
1225,ATAQUE,frame_001225_ATAQUE.jpg,1,0.599296,1,1,1,1,1,1,0
1230,ATAQUE,frame_001230_ATAQUE.jpg,1,0.596814,1,1,1,1,1,1,0
1235,ATAQUE,frame_001235_ATAQUE.jpg,1,0.121402,0,0,0,0,0,0,0
1240,ATAQUE,frame_001240_ATAQUE.jpg,1,0.156651,0,0,0,0,0,0,0
1245,ATAQUE,frame_001245_ATAQUE.jpg,1,0.595560,1,1,1,1,1,1,0
1250,ATAQUE,frame_001250_ATAQUE.jpg,1,0.602589,1,1,1,1,1,1,1
1255,ATAQUE,frame_001255_ATAQUE.jpg,1,0.606992,1,1,1,1,1,1,1
1260,ATAQUE,frame_001260_ATAQUE.jpg,1,0.632486,1,1,1,1,1,1,1
1265,ATAQUE,frame_001265_ATAQUE.jpg,1,0.552604,1,1,1,1,1,1,0
1270,ATAQUE,frame_001270_ATAQUE.jpg,1,0.535048,1,1,1,1,1,0,0
1275,ATAQUE,frame_001275_ATAQUE.jpg,1,0.569559,1,1,1,1,1,1,0
1280,ATAQUE,frame_001280_ATAQUE.jpg,1,0.535048,1,1,1,1,1,0,0
1285,ATAQUE,frame_001285_ATAQUE.jpg,1,0.591681,1,1,1,1,1,1,0
1290,ATAQUE,frame_001290_ATAQUE.jpg,1,0.544227,1,1,1,1,1,0,0
1295,ATAQUE,frame_001295_ATAQUE.jpg,1,0.478442,1,1,1,1,0,0,0
1300,ATAQUE,frame_001300_ATAQUE.jpg,1,0.557766,1,1,1,1,1,1,0
1305,ATAQUE,frame_001305_ATAQUE.jpg,1,0.579919,1,1,1,1,1,1,0
1310,ATAQUE,frame_001310_ATAQUE.jpg,1,0.126183,0,0,0,0,0,0,0
1315,ATAQUE,frame_001315_ATAQUE.jpg,1,0.140698,0,0,0,0,0,0,0
1320,ATAQUE,frame_001320_ATAQUE.jpg,1,0.420029,1,1,1,0,0,0,0
1325,ATAQUE,frame_001325_ATAQUE.jpg,1,0.473629,1,1,1,1,0,0,0
1330,ATAQUE,frame_001330_ATAQUE.jpg,1,0.490531,1,1,1,1,0,0,0
1335,ATAQUE,frame_001335_ATAQUE.jpg,1,0.533553,1,1,1,1,1,0,0
1340,ATAQUE,frame_001340_ATAQUE.jpg,1,0.530021,1,1,1,1,1,0,0
1345,ATAQUE,frame_001345_ATAQUE.jpg,1,0.520475,1,1,1,1,1,0,0
1350,ATAQUE,frame_001350_ATAQUE.jpg,1,0.561596,1,1,1,1,1,1,0
1355,ATAQUE,frame_001355_ATAQUE.jpg,1,0.518445,1,1,1,1,1,0,0
1360,ATAQUE,frame_001360_ATAQUE.jpg,1,0.537649,1,1,1,1,1,0,0
1365,ATAQUE,frame_001365_ATAQUE.jpg,1,0.601099,1,1,1,1,1,1,1
1370,ATAQUE,frame_001370_ATAQUE.jpg,1,0.558749,1,1,1,1,1,1,0
1375,ATAQUE,frame_001375_ATAQUE.jpg,1,0.631667,1,1,1,1,1,1,1
1380,ATAQUE,frame_001380_ATAQUE.jpg,1,0.676173,1,1,1,1,1,1,1
1385,ATAQUE,frame_001385_ATAQUE.jpg,1,0.543900,1,1,1,1,1,0,0
1390,ATAQUE,frame_001390_ATAQUE.jpg,1,0.657849,1,1,1,1,1,1,1
1395,ATAQUE,frame_001395_ATAQUE.jpg,1,0.601688,1,1,1,1,1,1,1
1400,ATAQUE,frame_001400_ATAQUE.jpg,1,0.435499,1,1,1,0,0,0,0
1405,ATAQUE,frame_001405_ATAQUE.jpg,1,0.472343,1,1,1,1,0,0,0
1410,ATAQUE,frame_001410_ATAQUE.jpg,1,0.476344,1,1,1,1,0,0,0
1415,ATAQUE,frame_001415_ATAQUE.jpg,1,0.396046,1,1,0,0,0,0,0
1420,ATAQUE,frame_001420_ATAQUE.jpg,1,0.375529,1,1,0,0,0,0,0
1425,ATAQUE,frame_001425_ATAQUE.jpg,1,0.519285,1,1,1,1,1,0,0
1430,ATAQUE,frame_001430_ATAQUE.jpg,1,0.380378,1,1,0,0,0,0,0
1435,ATAQUE,frame_001435_ATAQUE.jpg,1,0.219406,0,0,0,0,0,0,0
1440,ATAQUE,frame_001440_ATAQUE.jpg,1,0.106602,0,0,0,0,0,0,0
1445,ATAQUE,frame_001445_ATAQUE.jpg,1,0.124615,0,0,0,0,0,0,0
1450,ATAQUE,frame_001450_ATAQUE.jpg,1,0.466026,1,1,1,1,0,0,0
1455,ATAQUE,frame_001455_ATAQUE.jpg,1,0.557399,1,1,1,1,1,1,0
1460,ATAQUE,frame_001460_ATAQUE.jpg,1,0.560962,1,1,1,1,1,1,0
1465,ATAQUE,frame_001465_ATAQUE.jpg,1,0.531511,1,1,1,1,1,0,0
1470,ATAQUE,frame_001470_ATAQUE.jpg,1,0.563625,1,1,1,1,1,1,0
1475,ATAQUE,frame_001475_ATAQUE.jpg,1,0.548906,1,1,1,1,1,0,0
1480,ATAQUE,frame_001480_ATAQUE.jpg,1,0.576286,1,1,1,1,1,1,0
1485,ATAQUE,frame_001485_ATAQUE.jpg,1,0.574098,1,1,1,1,1,1,0
1490,ATAQUE,frame_001490_ATAQUE.jpg,1,0.451983,1,1,1,1,0,0,0
1495,ATAQUE,frame_001495_ATAQUE.jpg,1,0.531439,1,1,1,1,1,0,0
1500,ATAQUE,frame_001500_ATAQUE.jpg,1,0.537727,1,1,1,1,1,0,0
1505,ATAQUE,frame_001505_ATAQUE.jpg,1,0.568194,1,1,1,1,1,1,0
1510,ATAQUE,frame_001510_ATAQUE.jpg,1,0.596613,1,1,1,1,1,1,0
1515,ATAQUE,frame_001515_ATAQUE.jpg,1,0.629901,1,1,1,1,1,1,1
1520,ATAQUE,frame_001520_ATAQUE.jpg,1,0.629361,1,1,1,1,1,1,1
1525,ATAQUE,frame_001525_ATAQUE.jpg,1,0.567334,1,1,1,1,1,1,0
1530,ATAQUE,frame_001530_ATAQUE.jpg,1,0.510847,1,1,1,1,1,0,0
1535,ATAQUE,frame_001535_ATAQUE.jpg,1,0.563467,1,1,1,1,1,1,0
1540,ATAQUE,frame_001540_ATAQUE.jpg,1,0.571196,1,1,1,1,1,1,0
1545,ATAQUE,frame_001545_ATAQUE.jpg,1,0.530239,1,1,1,1,1,0,0
1550,ATAQUE,frame_001550_ATAQUE.jpg,1,0.575369,1,1,1,1,1,1,0
1555,ATAQUE,frame_001555_ATAQUE.jpg,1,0.545984,1,1,1,1,1,0,0
1560,ATAQUE,frame_001560_ATAQUE.jpg,1,0.580381,1,1,1,1,1,1,0
1565,ATAQUE,frame_001565_ATAQUE.jpg,1,0.528710,1,1,1,1,1,0,0
1570,ATAQUE,frame_001570_ATAQUE.jpg,1,0.547658,1,1,1,1,1,0,0
1575,ATAQUE,frame_001575_ATAQUE.jpg,1,0.657283,1,1,1,1,1,1,1
1580,ATAQUE,frame_001580_ATAQUE.jpg,1,0.641384,1,1,1,1,1,1,1
1585,ATAQUE,frame_001585_ATAQUE.jpg,1,0.598978,1,1,1,1,1,1,0
1590,ATAQUE,frame_001590_ATAQUE.jpg,1,0.658399,1,1,1,1,1,1,1
1595,ATAQUE,frame_001595_ATAQUE.jpg,1,0.549352,1,1,1,1,1,0,0
1600,ATAQUE,frame_001600_ATAQUE.jpg,1,0.580655,1,1,1,1,1,1,0
1605,ATAQUE,frame_001605_ATAQUE.jpg,1,0.581316,1,1,1,1,1,1,0
1610,ATAQUE,frame_001610_ATAQUE.jpg,1,0.639264,1,1,1,1,1,1,1
1615,ATAQUE,frame_001615_ATAQUE.jpg,1,0.623911,1,1,1,1,1,1,1
1620,ATAQUE,frame_001620_ATAQUE.jpg,1,0.618872,1,1,1,1,1,1,1
1625,ATAQUE,frame_001625_ATAQUE.jpg,1,0.550601,1,1,1,1,1,1,0
1630,ATAQUE,frame_001630_ATAQUE.jpg,1,0.629839,1,1,1,1,1,1,1
1635,ATAQUE,frame_001635_ATAQUE.jpg,1,0.637861,1,1,1,1,1,1,1
1640,ATAQUE,frame_001640_ATAQUE.jpg,1,0.646911,1,1,1,1,1,1,1
1645,ATAQUE,frame_001645_ATAQUE.jpg,1,0.655488,1,1,1,1,1,1,1
1650,ATAQUE,frame_001650_ATAQUE.jpg,1,0.697318,1,1,1,1,1,1,1
1655,ATAQUE,frame_001655_ATAQUE.jpg,1,0.657097,1,1,1,1,1,1,1
1660,ATAQUE,frame_001660_ATAQUE.jpg,1,0.672036,1,1,1,1,1,1,1
1665,ATAQUE,frame_001665_ATAQUE.jpg,1,0.674314,1,1,1,1,1,1,1
1670,ATAQUE,frame_001670_ATAQUE.jpg,1,0.670790,1,1,1,1,1,1,1
1675,ATAQUE,frame_001675_ATAQUE.jpg,1,0.628642,1,1,1,1,1,1,1
1680,ATAQUE,frame_001680_ATAQUE.jpg,1,0.633906,1,1,1,1,1,1,1
1685,ATAQUE,frame_001685_ATAQUE.jpg,1,0.636248,1,1,1,1,1,1,1
1690,ATAQUE,frame_001690_ATAQUE.jpg,1,0.670135,1,1,1,1,1,1,1
1695,ATAQUE,frame_001695_ATAQUE.jpg,1,0.675215,1,1,1,1,1,1,1
1700,ATAQUE,frame_001700_ATAQUE.jpg,1,0.665590,1,1,1,1,1,1,1
1705,ATAQUE,frame_001705_ATAQUE.jpg,1,0.665542,1,1,1,1,1,1,1
1710,ATAQUE,frame_001710_ATAQUE.jpg,1,0.646755,1,1,1,1,1,1,1
1715,ATAQUE,frame_001715_ATAQUE.jpg,1,0.651489,1,1,1,1,1,1,1
1720,ATAQUE,frame_001720_ATAQUE.jpg,1,0.691900,1,1,1,1,1,1,1
1725,ATAQUE,frame_001725_ATAQUE.jpg,1,0.670817,1,1,1,1,1,1,1
1730,ATAQUE,frame_001730_ATAQUE.jpg,1,0.655793,1,1,1,1,1,1,1
1735,ATAQUE,frame_001735_ATAQUE.jpg,1,0.649278,1,1,1,1,1,1,1
1740,ATAQUE,frame_001740_ATAQUE.jpg,1,0.629056,1,1,1,1,1,1,1
1745,ATAQUE,frame_001745_ATAQUE.jpg,1,0.649158,1,1,1,1,1,1,1
1750,ATAQUE,frame_001750_ATAQUE.jpg,1,0.653640,1,1,1,1,1,1,1
1755,ATAQUE,frame_001755_ATAQUE.jpg,1,0.608044,1,1,1,1,1,1,1
1760,ATAQUE,frame_001760_ATAQUE.jpg,1,0.643675,1,1,1,1,1,1,1
1765,ATAQUE,frame_001765_ATAQUE.jpg,1,0.673900,1,1,1,1,1,1,1
1770,ATAQUE,frame_001770_ATAQUE.jpg,1,0.671529,1,1,1,1,1,1,1
1775,ATAQUE,frame_001775_ATAQUE.jpg,1,0.663703,1,1,1,1,1,1,1
1780,ATAQUE,frame_001780_ATAQUE.jpg,1,0.703997,1,1,1,1,1,1,1
1785,ATAQUE,frame_001785_ATAQUE.jpg,1,0.659421,1,1,1,1,1,1,1
1790,ATAQUE,frame_001790_ATAQUE.jpg,1,0.669888,1,1,1,1,1,1,1
1795,ATAQUE,frame_001795_ATAQUE.jpg,1,0.663546,1,1,1,1,1,1,1
1800,ATAQUE,frame_001800_ATAQUE.jpg,1,0.654061,1,1,1,1,1,1,1
1805,ATAQUE,frame_001805_ATAQUE.jpg,1,0.633703,1,1,1,1,1,1,1
1810,ATAQUE,frame_001810_ATAQUE.jpg,1,0.654764,1,1,1,1,1,1,1
1815,ATAQUE,frame_001815_ATAQUE.jpg,1,0.659108,1,1,1,1,1,1,1
1820,ATAQUE,frame_001820_ATAQUE.jpg,1,0.627129,1,1,1,1,1,1,1
1825,ATAQUE,frame_001825_ATAQUE.jpg,1,0.641894,1,1,1,1,1,1,1
1830,ATAQUE,frame_001830_ATAQUE.jpg,1,0.619787,1,1,1,1,1,1,1
1835,ATAQUE,frame_001835_ATAQUE.jpg,1,0.633650,1,1,1,1,1,1,1
1840,ATAQUE,frame_001840_ATAQUE.jpg,1,0.632746,1,1,1,1,1,1,1
1845,ATAQUE,frame_001845_ATAQUE.jpg,1,0.646218,1,1,1,1,1,1,1
1850,ATAQUE,frame_001850_ATAQUE.jpg,1,0.686464,1,1,1,1,1,1,1
1855,ATAQUE,frame_001855_ATAQUE.jpg,1,0.676022,1,1,1,1,1,1,1
1860,ATAQUE,frame_001860_ATAQUE.jpg,1,0.591697,1,1,1,1,1,1,0
1865,ATAQUE,frame_001865_ATAQUE.jpg,1,0.616681,1,1,1,1,1,1,1
1870,ATAQUE,frame_001870_ATAQUE.jpg,1,0.591061,1,1,1,1,1,1,0
1875,ATAQUE,frame_001875_ATAQUE.jpg,1,0.614236,1,1,1,1,1,1,1
1880,ATAQUE,frame_001880_ATAQUE.jpg,1,0.589016,1,1,1,1,1,1,0
1885,ATAQUE,frame_001885_ATAQUE.jpg,1,0.531596,1,1,1,1,1,0,0
1890,ATAQUE,frame_001890_ATAQUE.jpg,1,0.547428,1,1,1,1,1,0,0
1895,ATAQUE,frame_001895_ATAQUE.jpg,1,0.567738,1,1,1,1,1,1,0
1900,ATAQUE,frame_001900_ATAQUE.jpg,1,0.477263,1,1,1,1,0,0,0
1905,ATAQUE,frame_001905_ATAQUE.jpg,1,0.506352,1,1,1,1,1,0,0
1910,ATAQUE,frame_001910_ATAQUE.jpg,1,0.538817,1,1,1,1,1,0,0
1915,ATAQUE,frame_001915_ATAQUE.jpg,1,0.510884,1,1,1,1,1,0,0
1920,ATAQUE,frame_001920_ATAQUE.jpg,1,0.467089,1,1,1,1,0,0,0
1925,ATAQUE,frame_001925_ATAQUE.jpg,1,0.542196,1,1,1,1,1,0,0
1930,ATAQUE,frame_001930_ATAQUE.jpg,1,0.512620,1,1,1,1,1,0,0
1935,ATAQUE,frame_001935_ATAQUE.jpg,1,0.565380,1,1,1,1,1,1,0
1940,ATAQUE,frame_001940_ATAQUE.jpg,1,0.551056,1,1,1,1,1,1,0
1945,ATAQUE,frame_001945_ATAQUE.jpg,1,0.587143,1,1,1,1,1,1,0
1950,ATAQUE,frame_001950_ATAQUE.jpg,1,0.599674,1,1,1,1,1,1,0
1955,ATAQUE,frame_001955_ATAQUE.jpg,1,0.587766,1,1,1,1,1,1,0
1960,ATAQUE,frame_001960_ATAQUE.jpg,1,0.543768,1,1,1,1,1,0,0
1965,ATAQUE,frame_001965_ATAQUE.jpg,1,0.575732,1,1,1,1,1,1,0
1970,ATAQUE,frame_001970_ATAQUE.jpg,1,0.570633,1,1,1,1,1,1,0
1975,ATAQUE,frame_001975_ATAQUE.jpg,1,0.563216,1,1,1,1,1,1,0
1980,ATAQUE,frame_001980_ATAQUE.jpg,1,0.616757,1,1,1,1,1,1,1
1985,ATAQUE,frame_001985_ATAQUE.jpg,1,0.584051,1,1,1,1,1,1,0
1990,ATAQUE,frame_001990_ATAQUE.jpg,1,0.595439,1,1,1,1,1,1,0
1995,ATAQUE,frame_001995_ATAQUE.jpg,1,0.562955,1,1,1,1,1,1,0
2000,ATAQUE,frame_002000_ATAQUE.jpg,1,0.613596,1,1,1,1,1,1,1
2005,ATAQUE,frame_002005_ATAQUE.jpg,1,0.600672,1,1,1,1,1,1,1
2010,ATAQUE,frame_002010_ATAQUE.jpg,1,0.573922,1,1,1,1,1,1,0
2015,ATAQUE,frame_002015_ATAQUE.jpg,1,0.571571,1,1,1,1,1,1,0
2020,ATAQUE,frame_002020_ATAQUE.jpg,1,0.594408,1,1,1,1,1,1,0
2025,ATAQUE,frame_002025_ATAQUE.jpg,1,0.582490,1,1,1,1,1,1,0
2030,ATAQUE,frame_002030_ATAQUE.jpg,1,0.531670,1,1,1,1,1,0,0
2035,ATAQUE,frame_002035_ATAQUE.jpg,1,0.559272,1,1,1,1,1,1,0
2040,ATAQUE,frame_002040_ATAQUE.jpg,1,0.636709,1,1,1,1,1,1,1
2045,ATAQUE,frame_002045_ATAQUE.jpg,1,0.660059,1,1,1,1,1,1,1
2050,ATAQUE,frame_002050_ATAQUE.jpg,1,0.644194,1,1,1,1,1,1,1
2055,ATAQUE,frame_002055_ATAQUE.jpg,1,0.604280,1,1,1,1,1,1,1
2060,ATAQUE,frame_002060_ATAQUE.jpg,1,0.611072,1,1,1,1,1,1,1
2065,ATAQUE,frame_002065_ATAQUE.jpg,1,0.570484,1,1,1,1,1,1,0
2070,ATAQUE,frame_002070_ATAQUE.jpg,1,0.595313,1,1,1,1,1,1,0
