frame,mode,similarity,match_045,match_060,elapsed_s,fps,frame_saved
1,ATAQUE,0.000000,0,0,0.93,0.0,0
2,ATAQUE,0.000000,0,0,1.10,0.0,0
3,ATAQUE,0.000000,0,0,1.17,0.0,0
4,ATAQUE,0.000000,0,0,1.26,0.0,0
5,ATAQUE,0.000000,0,0,1.61,0.0,1
6,ATAQUE,0.000000,0,0,1.67,0.0,0
7,ATAQUE,0.000000,0,0,1.73,0.0,0
8,ATAQUE,0.000000,0,0,1.79,0.0,0
9,ATAQUE,0.000000,0,0,1.85,0.0,0
10,ATAQUE,0.000000,0,0,1.91,5.2,1
11,ATAQUE,0.000000,0,0,1.96,5.2,0
12,ATAQUE,0.000000,0,0,2.01,5.2,0
13,ATAQUE,0.000000,0,0,2.06,5.2,0
14,ATAQUE,0.000000,0,0,2.12,5.2,0
15,ATAQUE,0.000000,0,0,2.17,5.2,1
16,ATAQUE,0.000000,0,0,2.23,5.2,0
17,ATAQUE,0.000000,0,0,2.28,5.2,0
18,ATAQUE,0.000000,0,0,2.33,5.2,0
19,ATAQUE,0.000000,0,0,2.38,5.2,0
20,ATAQUE,0.000000,0,0,2.43,19.0,1
21,ATAQUE,0.000000,0,0,2.48,19.0,0
22,ATAQUE,0.000000,0,0,2.54,19.0,0
23,ATAQUE,0.000000,0,0,2.59,19.0,0
24,ATAQUE,0.000000,0,0,2.65,19.0,0
25,ATAQUE,0.000000,0,0,2.70,19.0,1
26,ATAQUE,0.000000,0,0,2.76,19.0,0
27,ATAQUE,0.000000,0,0,2.81,19.0,0
28,ATAQUE,0.000000,0,0,2.86,19.0,0
29,ATAQUE,0.000000,0,0,2.92,19.0,0
30,ATAQUE,0.000000,0,0,2.97,18.7,1
31,ATAQUE,0.000000,0,0,2.99,18.7,0
32,ATAQUE,0.000000,0,0,3.05,18.7,0
33,ATAQUE,0.000000,0,0,3.10,18.7,0
34,ATAQUE,0.000000,0,0,3.12,18.7,0
35,ATAQUE,0.000000,0,0,3.17,18.7,1
36,ATAQUE,0.000000,0,0,3.23,18.7,0
37,ATAQUE,0.000000,0,0,3.28,18.7,0
38,ATAQUE,0.000000,0,0,3.33,18.7,0
39,ATAQUE,0.000000,0,0,3.39,18.7,0
40,ATAQUE,0.000000,0,0,3.44,21.2,1
41,ATAQUE,0.000000,0,0,3.49,21.2,0
42,ATAQUE,0.000000,0,0,3.54,21.2,0
43,ATAQUE,0.000000,0,0,3.59,21.2,0
44,ATAQUE,0.000000,0,0,3.65,21.2,0
45,ATAQUE,0.000000,0,0,3.70,21.2,1
46,ATAQUE,0.000000,0,0,3.75,21.2,0
47,ATAQUE,0.000000,0,0,3.80,21.2,0
48,ATAQUE,0.000000,0,0,3.85,21.2,0
49,ATAQUE,0.000000,0,0,3.90,21.2,0
50,ATAQUE,0.000000,0,0,3.93,20.5,1
51,ATAQUE,0.000000,0,0,3.98,20.5,0
52,ATAQUE,0.000000,0,0,4.03,20.5,0
53,ATAQUE,0.000000,0,0,4.08,20.5,0
54,ATAQUE,0.000000,0,0,4.14,20.5,0
55,ATAQUE,0.000000,0,0,4.19,20.5,1
56,ATAQUE,0.000000,0,0,4.25,20.5,0
57,ATAQUE,0.000000,0,0,4.30,20.5,0
58,ATAQUE,0.000000,0,0,4.35,20.5,0
59,ATAQUE,0.000000,0,0,4.40,20.5,0
60,ATAQUE,0.000000,0,0,4.45,19.1,1
61,ATAQUE,0.000000,0,0,4.50,19.1,0
62,ATAQUE,0.000000,0,0,4.55,19.1,0
63,ATAQUE,0.000000,0,0,4.60,19.1,0
64,ATAQUE,0.000000,0,0,4.63,19.1,0
65,ATAQUE,0.000000,0,0,4.68,19.1,1
66,ATAQUE,0.000000,0,0,4.74,19.1,0
67,ATAQUE,0.000000,0,0,4.76,19.1,0
68,ATAQUE,0.000000,0,0,4.81,19.1,0
69,ATAQUE,0.000000,0,0,4.86,19.1,0
70,ATAQUE,0.000000,0,0,4.89,22.7,1
71,ATAQUE,0.000000,0,0,4.94,22.7,0
72,ATAQUE,0.000000,0,0,5.00,22.7,0
73,ATAQUE,0.000000,0,0,5.05,22.7,0
74,ATAQUE,0.000000,0,0,5.10,22.7,0
75,ATAQUE,0.000000,0,0,5.15,22.7,1
76,ATAQUE,0.000000,0,0,5.20,22.7,0
77,ATAQUE,0.000000,0,0,5.25,22.7,0
78,ATAQUE,0.000000,0,0,5.31,22.7,0
79,ATAQUE,0.000000,0,0,5.36,22.7,0
80,ATAQUE,0.000000,0,0,5.41,19.2,1
81,ATAQUE,0.000000,0,0,5.46,19.2,0
82,ATAQUE,0.000000,0,0,5.51,19.2,0
83,ATAQUE,0.000000,0,0,5.57,19.2,0
84,ATAQUE,0.000000,0,0,5.62,19.2,0
85,ATAQUE,0.000000,0,0,5.67,19.2,1
86,ATAQUE,0.000000,0,0,5.72,19.2,0
87,ATAQUE,0.000000,0,0,5.77,19.2,0
88,ATAQUE,0.000000,0,0,5.82,19.2,0
89,ATAQUE,0.000000,0,0,5.87,19.2,0
90,ATAQUE,0.000000,0,0,5.93,19.4,1
91,ATAQUE,0.000000,0,0,5.98,19.4,0
92,ATAQUE,0.000000,0,0,6.03,19.4,0
93,ATAQUE,0.000000,0,0,6.08,19.4,0
94,ATAQUE,0.000000,0,0,6.14,19.4,0
95,ATAQUE,0.000000,0,0,6.19,19.4,1
96,ATAQUE,0.000000,0,0,6.25,19.4,0
97,ATAQUE,0.000000,0,0,6.31,19.4,0
98,ATAQUE,0.000000,0,0,6.36,19.4,0
99,ATAQUE,0.000000,0,0,6.41,19.4,0
100,ATAQUE,0.000000,0,0,6.47,18.5,1
101,ATAQUE,0.000000,0,0,6.52,18.5,0
102,ATAQUE,0.000000,0,0,6.58,18.5,0
103,ATAQUE,0.000000,0,0,6.63,18.5,0
104,ATAQUE,0.000000,0,0,6.68,18.5,0
105,ATAQUE,0.000000,0,0,6.73,18.5,1
106,ATAQUE,0.000000,0,0,6.78,18.5,0
107,ATAQUE,0.000000,0,0,6.83,18.5,0
108,ATAQUE,0.000000,0,0,6.88,18.5,0
109,ATAQUE,0.000000,0,0,6.94,18.5,0
110,ATAQUE,0.000000,0,0,6.99,19.1,1
111,ATAQUE,0.000000,0,0,7.04,19.1,0
112,ATAQUE,0.000000,0,0,7.09,19.1,0
113,ATAQUE,0.000000,0,0,7.15,19.1,0
114,ATAQUE,0.000000,0,0,7.20,19.1,0
115,ATAQUE,0.000000,0,0,7.25,19.1,1
116,ATAQUE,0.000000,0,0,7.30,19.1,0
117,ATAQUE,0.000000,0,0,7.35,19.1,0
118,ATAQUE,0.000000,0,0,7.40,19.1,0
119,ATAQUE,0.000000,0,0,7.45,19.1,0
120,ATAQUE,0.000000,0,0,7.51,19.4,1
121,ATAQUE,0.000000,0,0,7.56,19.4,0
122,ATAQUE,0.000000,0,0,7.61,19.4,0
123,ATAQUE,0.000000,0,0,7.66,19.4,0
124,ATAQUE,0.000000,0,0,7.71,19.4,0
125,ATAQUE,0.000000,0,0,7.76,19.4,1
126,ATAQUE,0.000000,0,0,7.82,19.4,0
127,ATAQUE,0.000000,0,0,7.87,19.4,0
128,ATAQUE,0.000000,0,0,7.92,19.4,0
129,ATAQUE,0.000000,0,0,7.98,19.4,0
130,ATAQUE,0.000000,0,0,8.03,19.0,1
131,ATAQUE,0.000000,0,0,8.09,19.0,0
132,ATAQUE,0.000000,0,0,8.14,19.0,0
133,ATAQUE,0.000000,0,0,8.17,19.0,0
134,ATAQUE,0.000000,0,0,8.22,19.0,0
135,ATAQUE,0.000000,0,0,8.27,19.0,1
136,ATAQUE,0.000000,0,0,8.33,19.0,0
137,ATAQUE,0.000000,0,0,8.38,19.0,0
138,ATAQUE,0.000000,0,0,8.43,19.0,0
139,ATAQUE,0.000000,0,0,8.48,19.0,0
140,ATAQUE,0.000000,0,0,8.54,19.9,1
141,ATAQUE,0.000000,0,0,8.59,19.9,0
142,ATAQUE,0.000000,0,0,8.65,19.9,0
143,ATAQUE,0.000000,0,0,8.70,19.9,0
144,ATAQUE,0.000000,0,0,8.73,19.9,0
145,ATAQUE,0.000000,0,0,8.78,19.9,1
146,ATAQUE,0.000000,0,0,8.84,19.9,0
147,ATAQUE,0.000000,0,0,8.89,19.9,0
148,ATAQUE,0.000000,0,0,8.92,19.9,0
149,ATAQUE,0.000000,0,0,8.98,19.9,0
150,ATAQUE,0.000000,0,0,9.03,20.3,1
151,ATAQUE,0.000000,0,0,9.08,20.3,0
152,ATAQUE,0.000000,0,0,9.13,20.3,0
153,ATAQUE,0.000000,0,0,9.19,20.3,0
154,ATAQUE,0.000000,0,0,9.24,20.3,0
155,ATAQUE,0.000000,0,0,9.29,20.3,1
156,ATAQUE,0.000000,0,0,9.35,20.3,0
157,ATAQUE,0.000000,0,0,9.40,20.3,0
158,ATAQUE,0.000000,0,0,9.43,20.3,0
159,ATAQUE,0.000000,0,0,9.48,20.3,0
160,ATAQUE,0.000000,0,0,9.54,19.7,1
161,ATAQUE,0.000000,0,0,9.56,19.7,0
162,ATAQUE,0.000000,0,0,9.62,19.7,0
163,ATAQUE,0.000000,0,0,9.67,19.7,0
164,ATAQUE,0.000000,0,0,9.72,19.7,0
165,ATAQUE,0.000000,0,0,9.77,19.7,1
166,ATAQUE,0.000000,0,0,9.80,19.7,0
167,ATAQUE,0.000000,0,0,9.85,19.7,0
168,ATAQUE,0.000000,0,0,9.90,19.7,0
169,ATAQUE,0.000000,0,0,9.92,19.7,0
170,ATAQUE,0.000000,0,0,9.97,22.8,1
171,ATAQUE,0.000000,0,0,10.00,22.8,0
172,ATAQUE,0.000000,0,0,10.05,22.8,0
173,ATAQUE,0.000000,0,0,10.11,22.8,0
174,ATAQUE,0.000000,0,0,10.16,22.8,0
175,ATAQUE,0.000000,0,0,10.22,22.8,1
176,ATAQUE,0.000000,0,0,10.28,22.8,0
177,ATAQUE,0.000000,0,0,10.33,22.8,0
178,ATAQUE,0.000000,0,0,10.35,22.8,0
179,ATAQUE,0.000000,0,0,10.41,22.8,0
180,ATAQUE,0.000000,0,0,10.46,20.5,1
181,ATAQUE,0.000000,0,0,10.49,20.5,0
182,ATAQUE,0.000000,0,0,10.54,20.5,0
183,ATAQUE,0.000000,0,0,10.60,20.5,0
184,ATAQUE,0.000000,0,0,10.62,20.5,0
185,ATAQUE,0.000000,0,0,10.67,20.5,1
186,ATAQUE,0.000000,0,0,10.73,20.5,0
187,ATAQUE,0.000000,0,0,10.79,20.5,0
188,ATAQUE,0.000000,0,0,10.84,20.5,0
189,ATAQUE,0.000000,0,0,10.90,20.5,0
190,ATAQUE,0.000000,0,0,10.92,21.6,1
191,ATAQUE,0.000000,0,0,10.98,21.6,0
192,ATAQUE,0.000000,0,0,11.03,21.6,0
193,ATAQUE,0.000000,0,0,11.06,21.6,0
194,ATAQUE,0.000000,0,0,11.11,21.6,0
195,ATAQUE,0.000000,0,0,11.17,21.6,1
196,ATAQUE,0.000000,0,0,11.19,21.6,0
197,ATAQUE,0.000000,0,0,11.25,21.6,0
198,ATAQUE,0.000000,0,0,11.30,21.6,0
199,ATAQUE,0.000000,0,0,11.33,21.6,0
200,ATAQUE,0.000000,0,0,11.38,21.7,1
201,ATAQUE,0.000000,0,0,11.44,21.7,0
202,ATAQUE,0.000000,0,0,11.49,21.7,0
203,ATAQUE,0.000000,0,0,11.55,21.7,0
204,ATAQUE,0.000000,0,0,11.60,21.7,0
205,ATAQUE,0.000000,0,0,11.63,21.7,1
206,ATAQUE,0.000000,0,0,11.68,21.7,0
207,ATAQUE,0.000000,0,0,11.74,21.7,0
208,ATAQUE,0.000000,0,0,11.79,21.7,0
209,ATAQUE,0.000000,0,0,11.84,21.7,0
210,ATAQUE,0.000000,0,0,11.90,19.4,1
211,ATAQUE,0.000000,0,0,11.95,19.4,0
212,ATAQUE,0.000000,0,0,12.01,19.4,0
213,ATAQUE,0.000000,0,0,12.07,19.4,0
214,ATAQUE,0.000000,0,0,12.12,19.4,0
215,ATAQUE,0.000000,0,0,12.18,19.4,1
216,ATAQUE,0.000000,0,0,12.23,19.4,0
217,ATAQUE,0.000000,0,0,12.26,19.4,0
218,ATAQUE,0.000000,0,0,12.32,19.4,0
219,ATAQUE,0.000000,0,0,12.37,19.4,0
220,ATAQUE,0.000000,0,0,12.42,19.0,1
221,ATAQUE,0.000000,0,0,12.48,19.0,0
222,ATAQUE,0.000000,0,0,12.53,19.0,0
223,ATAQUE,0.000000,0,0,12.56,19.0,0
224,ATAQUE,0.000000,0,0,12.62,19.0,0
225,ATAQUE,0.000000,0,0,12.67,19.0,1
226,ATAQUE,0.000000,0,0,12.73,19.0,0
227,ATAQUE,0.000000,0,0,12.75,19.0,0
228,ATAQUE,0.000000,0,0,12.81,19.0,0
229,ATAQUE,0.000000,0,0,12.86,19.0,0
230,ATAQUE,0.000000,0,0,12.89,21.4,1
231,ATAQUE,0.000000,0,0,12.94,21.4,0
232,ATAQUE,0.000000,0,0,13.00,21.4,0
233,ATAQUE,0.000000,0,0,13.05,21.4,0
234,ATAQUE,0.000000,0,0,13.10,21.4,0
235,ATAQUE,0.000000,0,0,13.16,21.4,1
236,ATAQUE,0.000000,0,0,13.21,21.4,0
237,ATAQUE,0.000000,0,0,13.27,21.4,0
238,ATAQUE,0.000000,0,0,13.33,21.4,0
239,ATAQUE,0.000000,0,0,13.38,21.4,0
240,ATAQUE,0.000000,0,0,13.44,18.2,1
241,ATAQUE,0.000000,0,0,13.49,18.2,0
242,ATAQUE,0.000000,0,0,13.52,18.2,0
243,ATAQUE,0.000000,0,0,13.58,18.2,0
244,ATAQUE,0.000000,0,0,13.63,18.2,0
245,ATAQUE,0.000000,0,0,13.66,18.2,1
246,ATAQUE,0.000000,0,0,13.71,18.2,0
247,ATAQUE,0.000000,0,0,13.77,18.2,0
248,ATAQUE,0.000000,0,0,13.82,18.2,0
249,ATAQUE,0.000000,0,0,13.87,18.2,0
250,ATAQUE,0.000000,0,0,13.93,20.6,1
251,ATAQUE,0.000000,0,0,13.97,20.6,0
252,ATAQUE,0.000000,0,0,14.03,20.6,0
253,ATAQUE,0.000000,0,0,14.08,20.6,0
254,ATAQUE,0.000000,0,0,14.14,20.6,0
255,ATAQUE,0.000000,0,0,14.16,20.6,1
256,ATAQUE,0.000000,0,0,14.22,20.6,0
257,ATAQUE,0.000000,0,0,14.27,20.6,0
258,ATAQUE,0.000000,0,0,14.32,20.6,0
259,ATAQUE,0.000000,0,0,14.37,20.6,0
260,ATAQUE,0.000000,0,0,14.42,20.0,1
261,ATAQUE,0.000000,0,0,14.48,20.0,0
262,ATAQUE,0.000000,0,0,14.53,20.0,0
263,ATAQUE,0.000000,0,0,14.55,20.0,0
264,ATAQUE,0.000000,0,0,14.61,20.0,0
265,ATAQUE,0.000000,0,0,14.66,20.0,1
266,ATAQUE,0.000000,0,0,14.69,20.0,0
267,ATAQUE,0.000000,0,0,14.74,20.0,0
268,ATAQUE,0.000000,0,0,14.80,20.0,0
269,ATAQUE,0.000000,0,0,14.85,20.0,0
270,ATAQUE,0.000000,0,0,14.91,20.6,1
271,ATAQUE,0.000000,0,0,14.96,20.6,0
272,ATAQUE,0.000000,0,0,15.02,20.6,0
273,ATAQUE,0.000000,0,0,15.07,20.6,0
274,ATAQUE,0.000000,0,0,15.12,20.6,0
275,ATAQUE,0.000000,0,0,15.17,20.6,1
276,ATAQUE,0.000000,0,0,15.22,20.6,0
277,ATAQUE,0.000000,0,0,15.27,20.6,0
278,ATAQUE,0.000000,0,0,15.32,20.6,0
279,ATAQUE,0.000000,0,0,15.37,20.6,0
280,ATAQUE,0.000000,0,0,15.43,19.4,1
281,ATAQUE,0.000000,0,0,15.48,19.4,0
282,ATAQUE,0.000000,0,0,15.53,19.4,0
283,ATAQUE,0.000000,0,0,15.55,19.4,0
284,ATAQUE,0.000000,0,0,15.60,19.4,0
285,ATAQUE,0.000000,0,0,15.63,19.4,1
286,ATAQUE,0.000000,0,0,15.69,19.4,0
287,ATAQUE,0.000000,0,0,15.74,19.4,0
288,ATAQUE,0.000000,0,0,15.80,19.4,0
289,ATAQUE,0.000000,0,0,15.85,19.4,0
290,ATAQUE,0.000000,0,0,15.90,21.1,1
291,ATAQUE,0.000000,0,0,15.92,21.1,0
292,ATAQUE,0.000000,0,0,15.98,21.1,0
293,ATAQUE,0.000000,0,0,16.03,21.1,0
294,ATAQUE,0.000000,0,0,16.06,21.1,0
295,ATAQUE,0.000000,0,0,16.12,21.1,1
296,ATAQUE,0.000000,0,0,16.17,21.1,0
297,ATAQUE,0.000000,0,0,16.23,21.1,0
298,ATAQUE,0.000000,0,0,16.25,21.1,0
299,ATAQUE,0.000000,0,0,16.31,21.1,0
300,ATAQUE,0.000000,0,0,16.36,21.5,1
301,ATAQUE,0.000000,0,0,16.39,21.5,0
302,ATAQUE,0.000000,0,0,16.44,21.5,0
303,ATAQUE,0.000000,0,0,16.50,21.5,0
304,ATAQUE,0.000000,0,0,16.52,21.5,0
305,ATAQUE,0.000000,0,0,16.58,21.5,1
306,ATAQUE,0.000000,0,0,16.64,21.5,0
307,ATAQUE,0.000000,0,0,16.66,21.5,0
308,ATAQUE,0.000000,0,0,16.72,21.5,0
309,ATAQUE,0.000000,0,0,16.77,21.5,0
310,ATAQUE,0.000000,0,0,16.80,22.9,1
311,ATAQUE,0.000000,0,0,16.85,22.9,0
312,ATAQUE,0.000000,0,0,16.91,22.9,0
313,ATAQUE,0.000000,0,0,16.96,22.9,0
314,ATAQUE,0.000000,0,0,17.02,22.9,0
315,ATAQUE,0.000000,0,0,17.07,22.9,1
316,ATAQUE,0.000000,0,0,17.13,22.9,0
317,ATAQUE,0.000000,0,0,17.18,22.9,0
318,ATAQUE,0.000000,0,0,17.23,22.9,0
319,ATAQUE,0.000000,0,0,17.28,22.9,0
320,ATAQUE,0.000000,0,0,17.34,18.5,1
321,ATAQUE,0.000000,0,0,17.39,18.5,0
322,ATAQUE,0.000000,0,0,17.45,18.5,0
323,ATAQUE,0.000000,0,0,17.50,18.5,0
324,ATAQUE,0.000000,0,0,17.56,18.5,0
325,ATAQUE,0.000000,0,0,17.62,18.5,1
326,ATAQUE,0.000000,0,0,17.67,18.5,0
327,ATAQUE,0.000000,0,0,17.73,18.5,0
328,ATAQUE,0.000000,0,0,17.79,18.5,0
329,ATAQUE,0.000000,0,0,17.84,18.5,0
330,ATAQUE,0.000000,0,0,17.90,17.9,1
331,ATAQUE,0.000000,0,0,17.95,17.9,0
332,ATAQUE,0.000000,0,0,18.00,17.9,0
333,ATAQUE,0.000000,0,0,18.06,17.9,0
334,ATAQUE,0.000000,0,0,18.11,17.9,0
335,ATAQUE,0.000000,0,0,18.16,17.9,1
336,ATAQUE,0.000000,0,0,18.22,17.9,0
337,ATAQUE,0.000000,0,0,18.28,17.9,0
338,ATAQUE,0.000000,0,0,18.33,17.9,0
339,ATAQUE,0.000000,0,0,18.38,17.9,0
340,ATAQUE,0.000000,0,0,18.43,18.7,1
341,ATAQUE,0.000000,0,0,18.49,18.7,0
342,ATAQUE,0.000000,0,0,18.54,18.7,0
343,ATAQUE,0.000000,0,0,18.60,18.7,0
344,ATAQUE,0.000000,0,0,18.65,18.7,0
345,ATAQUE,0.000000,0,0,18.71,18.7,1
346,ATAQUE,0.000000,0,0,18.76,18.7,0
347,ATAQUE,0.000000,0,0,18.82,18.7,0
348,ATAQUE,0.000000,0,0,18.87,18.7,0
349,ATAQUE,0.000000,0,0,18.92,18.7,0
350,ATAQUE,0.000000,0,0,18.98,18.4,1
351,ATAQUE,0.000000,0,0,19.03,18.4,0
352,ATAQUE,0.000000,0,0,19.09,18.4,0
353,ATAQUE,0.000000,0,0,19.14,18.4,0
354,ATAQUE,0.000000,0,0,19.19,18.4,0
355,ATAQUE,0.000000,0,0,19.25,18.4,1
356,ATAQUE,0.000000,0,0,19.30,18.4,0
357,ATAQUE,0.000000,0,0,19.36,18.4,0
358,ATAQUE,0.000000,0,0,19.41,18.4,0
359,ATAQUE,0.000000,0,0,19.47,18.4,0
360,ATAQUE,0.000000,0,0,19.49,19.5,1
361,ATAQUE,0.000000,0,0,19.55,19.5,0
362,ATAQUE,0.000000,0,0,19.60,19.5,0
363,ATAQUE,0.000000,0,0,19.65,19.5,0
364,ATAQUE,0.000000,0,0,19.71,19.5,0
365,ATAQUE,0.000000,0,0,19.76,19.5,1
366,ATAQUE,0.000000,0,0,19.81,19.5,0
367,ATAQUE,0.000000,0,0,19.86,19.5,0
368,ATAQUE,0.000000,0,0,19.91,19.5,0
369,ATAQUE,0.000000,0,0,19.96,19.5,0
370,ATAQUE,0.000000,0,0,20.03,18.6,1
371,ATAQUE,0.000000,0,0,20.08,18.6,0
372,ATAQUE,0.000000,0,0,20.15,18.6,0
373,ATAQUE,0.000000,0,0,20.22,18.6,0
374,ATAQUE,0.000000,0,0,20.29,18.6,0
375,ATAQUE,0.000000,0,0,20.36,18.6,1
376,ATAQUE,0.000000,0,0,20.42,18.6,0
377,ATAQUE,0.000000,0,0,20.49,18.6,0
378,ATAQUE,0.000000,0,0,20.56,18.6,0
379,ATAQUE,0.000000,0,0,20.64,18.6,0
380,ATAQUE,0.000000,0,0,20.71,14.6,1
381,ATAQUE,0.000000,0,0,20.78,14.6,0
382,ATAQUE,0.000000,0,0,20.85,14.6,0
383,ATAQUE,0.000000,0,0,20.90,14.6,0
384,ATAQUE,0.000000,0,0,20.93,14.6,0
385,ATAQUE,0.000000,0,0,20.98,14.6,1
386,ATAQUE,0.000000,0,0,21.04,14.6,0
387,ATAQUE,0.000000,0,0,21.09,14.6,0
388,ATAQUE,0.000000,0,0,21.14,14.6,0
389,ATAQUE,0.000000,0,0,21.16,14.6,0
390,ATAQUE,0.000000,0,0,21.22,19.8,1
391,ATAQUE,0.000000,0,0,21.27,19.8,0
392,ATAQUE,0.000000,0,0,21.32,19.8,0
393,ATAQUE,0.000000,0,0,21.37,19.8,0
394,ATAQUE,0.000000,0,0,21.43,19.8,0
395,ATAQUE,0.000000,0,0,21.48,19.8,1
396,ATAQUE,0.000000,0,0,21.53,19.8,0
397,ATAQUE,0.000000,0,0,21.58,19.8,0
398,ATAQUE,0.000000,0,0,21.64,19.8,0
399,ATAQUE,0.000000,0,0,21.70,19.8,0
400,ATAQUE,0.000000,0,0,21.75,18.7,1
401,ATAQUE,0.000000,0,0,21.81,18.7,0
402,ATAQUE,0.000000,0,0,21.86,18.7,0
403,ATAQUE,0.000000,0,0,21.91,18.7,0
404,ATAQUE,0.000000,0,0,21.96,18.7,0
405,ATAQUE,0.000000,0,0,22.02,18.7,1
406,ATAQUE,0.000000,0,0,22.07,18.7,0
407,ATAQUE,0.000000,0,0,22.13,18.7,0
408,ATAQUE,0.000000,0,0,22.19,18.7,0
409,ATAQUE,0.000000,0,0,22.24,18.7,0
410,ATAQUE,0.000000,0,0,22.30,18.4,1
411,ATAQUE,0.000000,0,0,22.35,18.4,0
412,ATAQUE,0.000000,0,0,22.40,18.4,0
413,ATAQUE,0.000000,0,0,22.46,18.4,0
414,ATAQUE,0.000000,0,0,22.51,18.4,0
415,ATAQUE,0.000000,0,0,22.56,18.4,1
416,ATAQUE,0.000000,0,0,22.61,18.4,0
417,ATAQUE,0.000000,0,0,22.66,18.4,0
418,ATAQUE,0.000000,0,0,22.72,18.4,0
419,ATAQUE,0.000000,0,0,22.77,18.4,0
420,ATAQUE,0.000000,0,0,22.83,18.9,1
421,ATAQUE,0.000000,0,0,22.88,18.9,0
422,ATAQUE,0.000000,0,0,22.93,18.9,0
423,ATAQUE,0.000000,0,0,22.98,18.9,0
424,ATAQUE,0.000000,0,0,23.04,18.9,0
425,ATAQUE,0.000000,0,0,23.09,18.9,1
426,ATAQUE,0.000000,0,0,23.17,18.9,0
427,ATAQUE,0.000000,0,0,23.22,18.9,0
428,ATAQUE,0.000000,0,0,23.30,18.9,0
429,ATAQUE,0.000000,0,0,23.37,18.9,0
430,ATAQUE,0.000000,0,0,23.44,16.2,1
431,ATAQUE,0.000000,0,0,23.51,16.2,0
432,ATAQUE,0.000000,0,0,23.57,16.2,0
433,ATAQUE,0.000000,0,0,23.62,16.2,0
434,ATAQUE,0.000000,0,0,23.67,16.2,0
435,ATAQUE,0.000000,0,0,23.73,16.2,1
436,ATAQUE,0.000000,0,0,23.78,16.2,0
437,ATAQUE,0.000000,0,0,23.84,16.2,0
438,ATAQUE,0.000000,0,0,23.89,16.2,0
439,ATAQUE,0.000000,0,0,23.95,16.2,0
440,ATAQUE,0.000000,0,0,24.00,18.0,1
441,ATAQUE,0.000000,0,0,24.06,18.0,0
442,ATAQUE,0.000000,0,0,24.11,18.0,0
443,ATAQUE,0.000000,0,0,24.16,18.0,0
444,ATAQUE,0.000000,0,0,24.22,18.0,0
445,ATAQUE,0.000000,0,0,24.27,18.0,1
446,ATAQUE,0.000000,0,0,24.32,18.0,0
447,ATAQUE,0.000000,0,0,24.37,18.0,0
448,ATAQUE,0.000000,0,0,24.42,18.0,0
449,ATAQUE,0.000000,0,0,24.48,18.0,0
450,ATAQUE,0.000000,0,0,24.53,18.9,1
451,ATAQUE,0.000000,0,0,24.58,18.9,0
452,ATAQUE,0.000000,0,0,24.64,18.9,0
453,ATAQUE,0.000000,0,0,24.69,18.9,0
454,ATAQUE,0.000000,0,0,24.75,18.9,0
455,ATAQUE,0.000000,0,0,24.80,18.9,1
456,ATAQUE,0.000000,0,0,24.86,18.9,0
457,ATAQUE,0.000000,0,0,24.92,18.9,0
458,ATAQUE,0.000000,0,0,24.97,18.9,0
459,ATAQUE,0.000000,0,0,25.03,18.9,0
460,ATAQUE,0.000000,0,0,25.08,18.0,1
461,ATAQUE,0.000000,0,0,25.14,18.0,0
462,ATAQUE,0.000000,0,0,25.19,18.0,0
463,ATAQUE,0.000000,0,0,25.24,18.0,0
464,ATAQUE,0.000000,0,0,25.30,18.0,0
465,ATAQUE,0.000000,0,0,25.35,18.0,1
466,ATAQUE,0.000000,0,0,25.40,18.0,0
467,ATAQUE,0.000000,0,0,25.46,18.0,0
468,ATAQUE,0.000000,0,0,25.51,18.0,0
469,ATAQUE,0.000000,0,0,25.57,18.0,0
470,ATAQUE,0.000000,0,0,25.62,18.8,1
471,ATAQUE,0.000000,0,0,25.67,18.8,0
472,ATAQUE,0.000000,0,0,25.72,18.8,0
473,ATAQUE,0.000000,0,0,25.78,18.8,0
474,ATAQUE,0.000000,0,0,25.83,18.8,0
475,ATAQUE,0.000000,0,0,25.88,18.8,1
476,ATAQUE,0.000000,0,0,25.94,18.8,0
477,ATAQUE,0.000000,0,0,25.99,18.8,0
478,ATAQUE,0.000000,0,0,26.05,18.8,0
479,ATAQUE,0.000000,0,0,26.10,18.8,0
480,ATAQUE,0.000000,0,0,26.16,18.4,1
481,ATAQUE,0.000000,0,0,26.21,18.4,0
482,ATAQUE,0.000000,0,0,26.27,18.4,0
483,ATAQUE,0.000000,0,0,26.33,18.4,0
484,ATAQUE,0.000000,0,0,26.38,18.4,0
485,ATAQUE,0.000000,0,0,26.43,18.4,1
486,ATAQUE,0.000000,0,0,26.49,18.4,0
487,ATAQUE,0.000000,0,0,26.55,18.4,0
488,ATAQUE,0.000000,0,0,26.60,18.4,0
489,ATAQUE,0.000000,0,0,26.65,18.4,0
490,ATAQUE,0.000000,0,0,26.71,18.1,1
491,ATAQUE,0.000000,0,0,26.76,18.1,0
492,ATAQUE,0.000000,0,0,26.82,18.1,0
493,ATAQUE,0.000000,0,0,26.87,18.1,0
494,ATAQUE,0.000000,0,0,26.93,18.1,0
495,ATAQUE,0.000000,0,0,26.98,18.1,1
496,ATAQUE,0.000000,0,0,27.03,18.1,0
497,ATAQUE,0.000000,0,0,27.09,18.1,0
498,ATAQUE,0.000000,0,0,27.15,18.1,0
499,ATAQUE,0.000000,0,0,27.20,18.1,0
500,ATAQUE,0.000000,0,0,27.26,18.2,1
501,ATAQUE,0.000000,0,0,27.32,18.2,0
502,ATAQUE,0.000000,0,0,27.37,18.2,0
503,ATAQUE,0.000000,0,0,27.43,18.2,0
504,ATAQUE,0.000000,0,0,27.49,18.2,0
505,ATAQUE,0.000000,0,0,27.54,18.2,1
506,ATAQUE,0.000000,0,0,27.60,18.2,0
507,ATAQUE,0.000000,0,0,27.65,18.2,0
508,ATAQUE,0.000000,0,0,27.71,18.2,0
509,ATAQUE,0.000000,0,0,27.76,18.2,0
510,ATAQUE,0.000000,0,0,27.81,18.2,1
511,ATAQUE,0.000000,0,0,27.86,18.2,0
512,ATAQUE,0.000000,0,0,27.91,18.2,0
513,ATAQUE,0.000000,0,0,27.97,18.2,0
514,ATAQUE,0.000000,0,0,28.02,18.2,0
515,ATAQUE,0.000000,0,0,28.08,18.2,1
516,ATAQUE,0.000000,0,0,28.13,18.2,0
517,ATAQUE,0.000000,0,0,28.19,18.2,0
518,ATAQUE,0.000000,0,0,28.24,18.2,0
519,ATAQUE,0.000000,0,0,28.29,18.2,0
520,ATAQUE,0.000000,0,0,28.35,18.6,1
521,ATAQUE,0.000000,0,0,28.40,18.6,0
522,ATAQUE,0.000000,0,0,28.46,18.6,0
523,ATAQUE,0.000000,0,0,28.51,18.6,0
524,ATAQUE,0.000000,0,0,28.56,18.6,0
525,ATAQUE,0.000000,0,0,28.61,18.6,1
526,ATAQUE,0.000000,0,0,28.67,18.6,0
527,ATAQUE,0.000000,0,0,28.72,18.6,0
528,ATAQUE,0.000000,0,0,28.77,18.6,0
529,ATAQUE,0.000000,0,0,28.83,18.6,0
530,ATAQUE,0.000000,0,0,28.88,18.9,1
531,ATAQUE,0.000000,0,0,28.93,18.9,0
532,ATAQUE,0.000000,0,0,28.98,18.9,0
533,ATAQUE,0.000000,0,0,29.03,18.9,0
534,ATAQUE,0.000000,0,0,29.08,18.9,0
535,ATAQUE,0.000000,0,0,29.14,18.9,1
536,ATAQUE,0.000000,0,0,29.19,18.9,0
537,ATAQUE,0.000000,0,0,29.24,18.9,0
538,ATAQUE,0.000000,0,0,29.30,18.9,0
539,ATAQUE,0.000000,0,0,29.35,18.9,0
540,ATAQUE,0.000000,0,0,29.40,19.0,1
541,ATAQUE,0.000000,0,0,29.46,19.0,0
542,ATAQUE,0.000000,0,0,29.51,19.0,0
543,ATAQUE,0.000000,0,0,29.56,19.0,0
544,ATAQUE,0.000000,0,0,29.61,19.0,0
545,ATAQUE,0.000000,0,0,29.66,19.0,1
546,ATAQUE,0.000000,0,0,29.71,19.0,0
547,ATAQUE,0.000000,0,0,29.77,19.0,0
548,ATAQUE,0.000000,0,0,29.82,19.0,0
549,ATAQUE,0.000000,0,0,29.87,19.0,0
550,ATAQUE,0.000000,0,0,29.92,19.4,1
551,ATAQUE,0.000000,0,0,29.98,19.4,0
552,ATAQUE,0.000000,0,0,30.03,19.4,0
553,ATAQUE,0.000000,0,0,30.08,19.4,0
554,ATAQUE,0.000000,0,0,30.13,19.4,0
555,ATAQUE,0.000000,0,0,30.18,19.4,1
556,ATAQUE,0.000000,0,0,30.24,19.4,0
557,ATAQUE,0.000000,0,0,30.30,19.4,0
558,ATAQUE,0.000000,0,0,30.35,19.4,0
559,ATAQUE,0.000000,0,0,30.40,19.4,0
560,ATAQUE,0.000000,0,0,30.45,18.9,1
561,ATAQUE,0.000000,0,0,30.50,18.9,0
562,ATAQUE,0.000000,0,0,30.56,18.9,0
563,ATAQUE,0.000000,0,0,30.61,18.9,0
564,ATAQUE,0.000000,0,0,30.67,18.9,0
565,ATAQUE,0.000000,0,0,30.72,18.9,1
566,ATAQUE,0.000000,0,0,30.77,18.9,0
567,ATAQUE,0.000000,0,0,30.83,18.9,0
568,ATAQUE,0.000000,0,0,30.88,18.9,0
569,ATAQUE,0.000000,0,0,30.94,18.9,0
570,ATAQUE,0.000000,0,0,30.99,18.5,1
571,ATAQUE,0.000000,0,0,31.05,18.5,0
572,ATAQUE,0.000000,0,0,31.10,18.5,0
573,ATAQUE,0.000000,0,0,31.16,18.5,0
574,ATAQUE,0.000000,0,0,31.21,18.5,0
575,ATAQUE,0.000000,0,0,31.27,18.5,1
576,ATAQUE,0.000000,0,0,31.32,18.5,0
577,ATAQUE,0.000000,0,0,31.38,18.5,0
578,ATAQUE,0.000000,0,0,31.43,18.5,0
579,ATAQUE,0.000000,0,0,31.49,18.5,0
580,ATAQUE,0.000000,0,0,31.54,18.2,1
581,ATAQUE,0.000000,0,0,31.60,18.2,0
582,ATAQUE,0.000000,0,0,31.65,18.2,0
583,ATAQUE,0.000000,0,0,31.71,18.2,0
584,ATAQUE,0.000000,0,0,31.77,18.2,0
585,ATAQUE,0.000000,0,0,31.82,18.2,1
586,ATAQUE,0.000000,0,0,31.88,18.2,0
587,ATAQUE,0.000000,0,0,31.93,18.2,0
588,ATAQUE,0.000000,0,0,31.99,18.2,0
589,ATAQUE,0.000000,0,0,32.04,18.2,0
590,ATAQUE,0.000000,0,0,32.09,18.1,1
591,ATAQUE,0.000000,0,0,32.15,18.1,0
592,ATAQUE,0.000000,0,0,32.20,18.1,0
593,ATAQUE,0.000000,0,0,32.25,18.1,0
594,ATAQUE,0.000000,0,0,32.31,18.1,0
595,ATAQUE,0.000000,0,0,32.37,18.1,1
596,ATAQUE,0.000000,0,0,32.43,18.1,0
597,ATAQUE,0.000000,0,0,32.48,18.1,0
598,ATAQUE,0.000000,0,0,32.53,18.1,0
599,ATAQUE,0.000000,0,0,32.58,18.1,0
600,ATAQUE,0.000000,0,0,32.63,18.5,1
601,ATAQUE,0.000000,0,0,32.69,18.5,0
602,ATAQUE,0.000000,0,0,32.74,18.5,0
603,ATAQUE,0.000000,0,0,32.80,18.5,0
604,ATAQUE,0.000000,0,0,32.85,18.5,0
605,ATAQUE,0.000000,0,0,32.90,18.5,1
606,ATAQUE,0.000000,0,0,32.95,18.5,0
607,ATAQUE,0.000000,0,0,33.00,18.5,0
608,ATAQUE,0.000000,0,0,33.06,18.5,0
609,ATAQUE,0.000000,0,0,33.11,18.5,0
610,ATAQUE,0.000000,0,0,33.16,18.9,1
611,ATAQUE,0.000000,0,0,33.22,18.9,0
612,ATAQUE,0.000000,0,0,33.28,18.9,0
613,ATAQUE,0.000000,0,0,33.33,18.9,0
614,ATAQUE,0.000000,0,0,33.38,18.9,0
615,ATAQUE,0.000000,0,0,33.43,18.9,1
616,ATAQUE,0.000000,0,0,33.48,18.9,0
617,ATAQUE,0.000000,0,0,33.53,18.9,0
618,ATAQUE,0.000000,0,0,33.59,18.9,0
619,ATAQUE,0.000000,0,0,33.64,18.9,0
620,ATAQUE,0.000000,0,0,33.69,18.9,1
621,ATAQUE,0.000000,0,0,33.74,18.9,0
622,ATAQUE,0.000000,0,0,33.80,18.9,0
623,ATAQUE,0.000000,0,0,33.85,18.9,0
624,ATAQUE,0.000000,0,0,33.91,18.9,0
625,ATAQUE,0.000000,0,0,33.96,18.9,1
626,ATAQUE,0.000000,0,0,34.01,18.9,0
627,ATAQUE,0.000000,0,0,34.06,18.9,0
628,ATAQUE,0.000000,0,0,34.11,18.9,0
629,ATAQUE,0.000000,0,0,34.16,18.9,0
630,ATAQUE,0.000000,0,0,34.21,19.2,1
631,ATAQUE,0.000000,0,0,34.27,19.2,0
632,ATAQUE,0.000000,0,0,34.32,19.2,0
633,ATAQUE,0.000000,0,0,34.38,19.2,0
634,ATAQUE,0.000000,0,0,34.43,19.2,0
635,ATAQUE,0.000000,0,0,34.48,19.2,1
636,ATAQUE,0.000000,0,0,34.54,19.2,0
637,ATAQUE,0.000000,0,0,34.59,19.2,0
638,ATAQUE,0.000000,0,0,34.65,19.2,0
639,ATAQUE,0.000000,0,0,34.70,19.2,0
640,ATAQUE,0.000000,0,0,34.76,18.3,1
641,ATAQUE,0.000000,0,0,34.81,18.3,0
642,ATAQUE,0.000000,0,0,34.87,18.3,0
643,ATAQUE,0.000000,0,0,34.90,18.3,0
644,ATAQUE,0.000000,0,0,34.95,18.3,0
645,ATAQUE,0.000000,0,0,35.01,18.3,1
646,ATAQUE,0.000000,0,0,35.06,18.3,0
647,ATAQUE,0.000000,0,0,35.12,18.3,0
648,ATAQUE,0.000000,0,0,35.17,18.3,0
649,ATAQUE,0.000000,0,0,35.23,18.3,0
650,ATAQUE,0.000000,0,0,35.28,19.1,1
651,ATAQUE,0.000000,0,0,35.34,19.1,0
652,ATAQUE,0.000000,0,0,35.39,19.1,0
653,ATAQUE,0.000000,0,0,35.45,19.1,0
654,ATAQUE,0.000000,0,0,35.51,19.1,0
655,ATAQUE,0.000000,0,0,35.56,19.1,1
656,ATAQUE,0.000000,0,0,35.61,19.1,0
657,ATAQUE,0.000000,0,0,35.67,19.1,0
658,ATAQUE,0.000000,0,0,35.72,19.1,0
659,ATAQUE,0.000000,0,0,35.78,19.1,0
660,ATAQUE,0.000000,0,0,35.83,18.2,1
661,ATAQUE,0.000000,0,0,35.89,18.2,0
662,ATAQUE,0.000000,0,0,35.94,18.2,0
663,ATAQUE,0.000000,0,0,36.00,18.2,0
664,ATAQUE,0.000000,0,0,36.05,18.2,0
665,ATAQUE,0.000000,0,0,36.11,18.2,1
666,ATAQUE,0.000000,0,0,36.16,18.2,0
667,ATAQUE,0.000000,0,0,36.22,18.2,0
668,ATAQUE,0.000000,0,0,36.27,18.2,0
669,ATAQUE,0.000000,0,0,36.32,18.2,0
670,ATAQUE,0.000000,0,0,36.38,18.4,1
671,ATAQUE,0.000000,0,0,36.43,18.4,0
672,ATAQUE,0.000000,0,0,36.48,18.4,0
673,ATAQUE,0.000000,0,0,36.53,18.4,0
674,ATAQUE,0.000000,0,0,36.59,18.4,0
675,ATAQUE,0.000000,0,0,36.64,18.4,1
676,ATAQUE,0.000000,0,0,36.69,18.4,0
677,ATAQUE,0.000000,0,0,36.74,18.4,0
678,ATAQUE,0.000000,0,0,36.80,18.4,0
679,ATAQUE,0.000000,0,0,36.85,18.4,0
680,ATAQUE,0.000000,0,0,36.91,18.8,1
681,ATAQUE,0.000000,0,0,36.96,18.8,0
682,ATAQUE,0.000000,0,0,37.01,18.8,0
683,ATAQUE,0.000000,0,0,37.07,18.8,0
684,ATAQUE,0.000000,0,0,37.12,18.8,0
685,ATAQUE,0.000000,0,0,37.17,18.8,1
686,ATAQUE,0.000000,0,0,37.22,18.8,0
687,ATAQUE,0.000000,0,0,37.28,18.8,0
688,ATAQUE,0.000000,0,0,37.33,18.8,0
689,ATAQUE,0.000000,0,0,37.38,18.8,0
690,ATAQUE,0.000000,0,0,37.43,19.0,1
691,ATAQUE,0.000000,0,0,37.49,19.0,0
692,ATAQUE,0.000000,0,0,37.54,19.0,0
693,ATAQUE,0.000000,0,0,37.59,19.0,0
694,ATAQUE,0.000000,0,0,37.65,19.0,0
695,ATAQUE,0.000000,0,0,37.70,19.0,1
696,ATAQUE,0.000000,0,0,37.76,19.0,0
697,ATAQUE,0.000000,0,0,37.82,19.0,0
698,ATAQUE,0.000000,0,0,37.87,19.0,0
699,ATAQUE,0.000000,0,0,37.93,19.0,0
700,ATAQUE,0.000000,0,0,37.99,18.1,1
701,ATAQUE,0.000000,0,0,38.04,18.1,0
702,ATAQUE,0.000000,0,0,38.09,18.1,0
703,ATAQUE,0.000000,0,0,38.15,18.1,0
704,ATAQUE,0.000000,0,0,38.20,18.1,0
705,ATAQUE,0.000000,0,0,38.26,18.1,1
706,ATAQUE,0.000000,0,0,38.32,18.1,0
707,ATAQUE,0.000000,0,0,38.38,18.1,0
708,ATAQUE,0.000000,0,0,38.43,18.1,0
709,ATAQUE,0.000000,0,0,38.48,18.1,0
710,ATAQUE,0.000000,0,0,38.54,18.0,1
711,ATAQUE,0.000000,0,0,38.60,18.0,0
712,ATAQUE,0.000000,0,0,38.65,18.0,0
713,ATAQUE,0.000000,0,0,38.71,18.0,0
714,ATAQUE,0.000000,0,0,38.76,18.0,0
715,ATAQUE,0.000000,0,0,38.82,18.0,1
716,ATAQUE,0.000000,0,0,38.87,18.0,0
717,ATAQUE,0.000000,0,0,38.93,18.0,0
718,ATAQUE,0.000000,0,0,38.99,18.0,0
719,ATAQUE,0.000000,0,0,39.04,18.0,0
720,ATAQUE,0.000000,0,0,39.10,17.9,1
721,ATAQUE,0.000000,0,0,39.16,17.9,0
722,ATAQUE,0.000000,0,0,39.21,17.9,0
723,ATAQUE,0.000000,0,0,39.27,17.9,0
724,ATAQUE,0.000000,0,0,39.32,17.9,0
725,ATAQUE,0.000000,0,0,39.38,17.9,1
726,ATAQUE,0.000000,0,0,39.44,17.9,0
727,ATAQUE,0.000000,0,0,39.49,17.9,0
728,ATAQUE,0.000000,0,0,39.55,17.9,0
729,ATAQUE,0.000000,0,0,39.61,17.9,0
730,ATAQUE,0.000000,0,0,39.66,17.8,1
731,ATAQUE,0.000000,0,0,39.72,17.8,0
732,ATAQUE,0.000000,0,0,39.77,17.8,0
733,ATAQUE,0.000000,0,0,39.83,17.8,0
734,ATAQUE,0.000000,0,0,39.88,17.8,0
735,ATAQUE,0.000000,0,0,39.94,17.8,1
736,ATAQUE,0.000000,0,0,39.99,17.8,0
737,ATAQUE,0.000000,0,0,40.05,17.8,0
738,ATAQUE,0.000000,0,0,40.10,17.8,0
739,ATAQUE,0.000000,0,0,40.15,17.8,0
740,ATAQUE,0.000000,0,0,40.21,18.3,1
741,ATAQUE,0.000000,0,0,40.26,18.3,0
742,ATAQUE,0.000000,0,0,40.32,18.3,0
743,ATAQUE,0.000000,0,0,40.38,18.3,0
744,ATAQUE,0.000000,0,0,40.43,18.3,0
745,ATAQUE,0.000000,0,0,40.48,18.3,1
746,ATAQUE,0.000000,0,0,40.54,18.3,0
747,ATAQUE,0.000000,0,0,40.59,18.3,0
748,ATAQUE,0.000000,0,0,40.64,18.3,0
749,ATAQUE,0.000000,0,0,40.69,18.3,0
750,ATAQUE,0.000000,0,0,40.74,18.7,1
751,ATAQUE,0.000000,0,0,40.80,18.7,0
752,ATAQUE,0.000000,0,0,40.85,18.7,0
753,ATAQUE,0.000000,0,0,40.91,18.7,0
754,ATAQUE,0.000000,0,0,40.96,18.7,0
755,ATAQUE,0.000000,0,0,41.02,18.7,1
756,ATAQUE,0.000000,0,0,41.07,18.7,0
757,ATAQUE,0.000000,0,0,41.12,18.7,0
758,ATAQUE,0.000000,0,0,41.17,18.7,0
759,ATAQUE,0.000000,0,0,41.22,18.7,0
760,ATAQUE,0.000000,0,0,41.27,18.9,1
761,ATAQUE,0.000000,0,0,41.33,18.9,0
762,ATAQUE,0.000000,0,0,41.38,18.9,0
763,ATAQUE,0.000000,0,0,41.43,18.9,0
764,ATAQUE,0.000000,0,0,41.48,18.9,0
765,ATAQUE,0.000000,0,0,41.53,18.9,1
766,ATAQUE,0.000000,0,0,41.59,18.9,0
767,ATAQUE,0.000000,0,0,41.64,18.9,0
768,ATAQUE,0.000000,0,0,41.70,18.9,0
769,ATAQUE,0.000000,0,0,41.75,18.9,0
770,ATAQUE,0.000000,0,0,41.80,18.9,1
771,ATAQUE,0.000000,0,0,41.86,18.9,0
772,ATAQUE,0.000000,0,0,41.91,18.9,0
773,ATAQUE,0.000000,0,0,41.96,18.9,0
774,ATAQUE,0.000000,0,0,42.02,18.9,0
775,ATAQUE,0.000000,0,0,42.07,18.9,1
776,ATAQUE,0.000000,0,0,42.12,18.9,0
777,ATAQUE,0.000000,0,0,42.18,18.9,0
778,ATAQUE,0.000000,0,0,42.23,18.9,0
779,ATAQUE,0.000000,0,0,42.28,18.9,0
780,ATAQUE,0.000000,0,0,42.34,18.8,1
781,ATAQUE,0.000000,0,0,42.39,18.8,0
782,ATAQUE,0.000000,0,0,42.45,18.8,0
783,ATAQUE,0.000000,0,0,42.50,18.8,0
784,ATAQUE,0.000000,0,0,42.55,18.8,0
785,ATAQUE,0.000000,0,0,42.61,18.8,1
786,ATAQUE,0.000000,0,0,42.66,18.8,0
787,ATAQUE,0.000000,0,0,42.72,18.8,0
788,ATAQUE,0.000000,0,0,42.77,18.8,0
789,ATAQUE,0.000000,0,0,42.83,18.8,0
790,ATAQUE,0.000000,0,0,42.88,18.5,1
791,ATAQUE,0.000000,0,0,42.93,18.5,0
792,ATAQUE,0.000000,0,0,42.98,18.5,0
793,ATAQUE,0.000000,0,0,43.03,18.5,0
794,ATAQUE,0.000000,0,0,43.09,18.5,0
795,ATAQUE,0.000000,0,0,43.14,18.5,1
796,ATAQUE,0.000000,0,0,43.19,18.5,0
797,ATAQUE,0.000000,0,0,43.24,18.5,0
798,ATAQUE,0.000000,0,0,43.29,18.5,0
799,ATAQUE,0.000000,0,0,43.35,18.5,0
800,ATAQUE,0.000000,0,0,43.40,19.3,1
801,ATAQUE,0.000000,0,0,43.45,19.3,0
802,ATAQUE,0.000000,0,0,43.50,19.3,0
803,ATAQUE,0.000000,0,0,43.55,19.3,0
804,ATAQUE,0.000000,0,0,43.61,19.3,0
805,ATAQUE,0.000000,0,0,43.66,19.3,1
806,ATAQUE,0.000000,0,0,43.71,19.3,0
807,ATAQUE,0.000000,0,0,43.76,19.3,0
808,ATAQUE,0.000000,0,0,43.81,19.3,0
809,ATAQUE,0.000000,0,0,43.87,19.3,0
810,ATAQUE,0.000000,0,0,43.93,18.8,1
811,ATAQUE,0.000000,0,0,43.98,18.8,0
812,ATAQUE,0.000000,0,0,44.04,18.8,0
813,ATAQUE,0.000000,0,0,44.09,18.8,0
814,ATAQUE,0.000000,0,0,44.15,18.8,0
815,ATAQUE,0.000000,0,0,44.21,18.8,1
816,ATAQUE,0.000000,0,0,44.26,18.8,0
817,ATAQUE,0.000000,0,0,44.32,18.8,0
818,ATAQUE,0.000000,0,0,44.37,18.8,0
819,ATAQUE,0.000000,0,0,44.43,18.8,0
820,ATAQUE,0.000000,0,0,44.48,18.0,1
821,ATAQUE,0.000000,0,0,44.54,18.0,0
822,ATAQUE,0.000000,0,0,44.59,18.0,0
823,ATAQUE,0.000000,0,0,44.65,18.0,0
824,ATAQUE,0.000000,0,0,44.70,18.0,0
825,ATAQUE,0.000000,0,0,44.75,18.0,1
826,ATAQUE,0.000000,0,0,44.81,18.0,0
827,ATAQUE,0.000000,0,0,44.86,18.0,0
828,ATAQUE,0.000000,0,0,44.91,18.0,0
829,ATAQUE,0.000000,0,0,44.96,18.0,0
830,ATAQUE,0.000000,0,0,45.01,18.9,1
831,ATAQUE,0.000000,0,0,45.06,18.9,0
832,ATAQUE,0.000000,0,0,45.12,18.9,0
833,ATAQUE,0.000000,0,0,45.17,18.9,0
834,ATAQUE,0.000000,0,0,45.22,18.9,0
835,ATAQUE,0.000000,0,0,45.28,18.9,1
836,ATAQUE,0.000000,0,0,45.33,18.9,0
837,ATAQUE,0.000000,0,0,45.39,18.9,0
838,ATAQUE,0.000000,0,0,45.44,18.9,0
839,ATAQUE,0.000000,0,0,45.49,18.9,0
840,ATAQUE,0.000000,0,0,45.54,18.9,1
841,ATAQUE,0.000000,0,0,45.59,18.9,0
842,ATAQUE,0.000000,0,0,45.64,18.9,0
843,ATAQUE,0.000000,0,0,45.69,18.9,0
844,ATAQUE,0.000000,0,0,45.74,18.9,0
845,ATAQUE,0.000000,0,0,45.79,18.9,1
846,ATAQUE,0.000000,0,0,45.85,18.9,0
847,ATAQUE,0.000000,0,0,45.90,18.9,0
848,ATAQUE,0.000000,0,0,45.95,18.9,0
849,ATAQUE,0.000000,0,0,46.00,18.9,0
850,ATAQUE,0.000000,0,0,46.05,19.5,1
851,ATAQUE,0.000000,0,0,46.11,19.5,0
852,ATAQUE,0.000000,0,0,46.16,19.5,0
853,ATAQUE,0.000000,0,0,46.21,19.5,0
854,ATAQUE,0.000000,0,0,46.27,19.5,0
855,ATAQUE,0.000000,0,0,46.32,19.5,1
856,ATAQUE,0.000000,0,0,46.38,19.5,0
857,ATAQUE,0.000000,0,0,46.43,19.5,0
858,ATAQUE,0.000000,0,0,46.49,19.5,0
859,ATAQUE,0.000000,0,0,46.54,19.5,0
860,ATAQUE,0.000000,0,0,46.59,18.5,1
861,ATAQUE,0.000000,0,0,46.65,18.5,0
862,ATAQUE,0.000000,0,0,46.70,18.5,0
863,ATAQUE,0.000000,0,0,46.76,18.5,0
864,ATAQUE,0.000000,0,0,46.81,18.5,0
865,ATAQUE,0.000000,0,0,46.86,18.5,1
866,ATAQUE,0.000000,0,0,46.92,18.5,0
867,ATAQUE,0.000000,0,0,46.97,18.5,0
868,ATAQUE,0.000000,0,0,47.03,18.5,0
869,ATAQUE,0.000000,0,0,47.08,18.5,0
870,ATAQUE,0.000000,0,0,47.13,18.5,1
871,ATAQUE,0.000000,0,0,47.18,18.5,0
872,ATAQUE,0.000000,0,0,47.24,18.5,0
873,ATAQUE,0.000000,0,0,47.30,18.5,0
874,ATAQUE,0.000000,0,0,47.35,18.5,0
875,ATAQUE,0.000000,0,0,47.40,18.5,1
876,ATAQUE,0.000000,0,0,47.45,18.5,0
877,ATAQUE,0.000000,0,0,47.51,18.5,0
878,ATAQUE,0.000000,0,0,47.56,18.5,0
879,ATAQUE,0.000000,0,0,47.62,18.5,0
880,ATAQUE,0.000000,0,0,47.67,18.5,1
881,ATAQUE,0.000000,0,0,47.73,18.5,0
882,ATAQUE,0.000000,0,0,47.78,18.5,0
883,ATAQUE,0.000000,0,0,47.84,18.5,0
884,ATAQUE,0.000000,0,0,47.89,18.5,0
885,ATAQUE,0.000000,0,0,47.95,18.5,1
886,ATAQUE,0.000000,0,0,48.00,18.5,0
887,ATAQUE,0.000000,0,0,48.06,18.5,0
888,ATAQUE,0.000000,0,0,48.11,18.5,0
889,ATAQUE,0.000000,0,0,48.17,18.5,0
890,ATAQUE,0.000000,0,0,48.22,18.3,1
891,ATAQUE,0.000000,0,0,48.27,18.3,0
892,ATAQUE,0.000000,0,0,48.32,18.3,0
893,ATAQUE,0.000000,0,0,48.38,18.3,0
894,ATAQUE,0.000000,0,0,48.43,18.3,0
895,ATAQUE,0.000000,0,0,48.49,18.3,1
896,ATAQUE,0.000000,0,0,48.54,18.3,0
897,ATAQUE,0.000000,0,0,48.60,18.3,0
898,ATAQUE,0.000000,0,0,48.65,18.3,0
899,ATAQUE,0.000000,0,0,48.71,18.3,0
900,ATAQUE,0.000000,0,0,48.76,18.4,1
901,ATAQUE,0.000000,0,0,48.82,18.4,0
902,ATAQUE,0.000000,0,0,48.88,18.4,0
903,ATAQUE,0.000000,0,0,48.93,18.4,0
904,ATAQUE,0.000000,0,0,48.98,18.4,0
905,ATAQUE,0.000000,0,0,49.04,18.4,1
906,ATAQUE,0.000000,0,0,49.09,18.4,0
907,ATAQUE,0.000000,0,0,49.14,18.4,0
908,ATAQUE,0.000000,0,0,49.19,18.4,0
909,ATAQUE,0.000000,0,0,49.24,18.4,0
910,ATAQUE,0.000000,0,0,49.30,18.7,1
911,ATAQUE,0.000000,0,0,49.35,18.7,0
912,ATAQUE,0.000000,0,0,49.41,18.7,0
913,ATAQUE,0.000000,0,0,49.46,18.7,0
914,ATAQUE,0.000000,0,0,49.52,18.7,0
915,ATAQUE,0.000000,0,0,49.57,18.7,1
916,ATAQUE,0.000000,0,0,49.63,18.7,0
917,ATAQUE,0.000000,0,0,49.69,18.7,0
918,ATAQUE,0.000000,0,0,49.75,18.7,0
919,ATAQUE,0.000000,0,0,49.80,18.7,0
920,ATAQUE,0.000000,0,0,49.85,18.1,1
921,ATAQUE,0.000000,0,0,49.91,18.1,0
922,ATAQUE,0.000000,0,0,49.96,18.1,0
923,ATAQUE,0.000000,0,0,50.02,18.1,0
924,ATAQUE,0.000000,0,0,50.08,18.1,0
925,ATAQUE,0.000000,0,0,50.14,18.1,1
926,ATAQUE,0.000000,0,0,50.19,18.1,0
927,ATAQUE,0.000000,0,0,50.25,18.1,0
928,ATAQUE,0.000000,0,0,50.31,18.1,0
929,ATAQUE,0.000000,0,0,50.36,18.1,0
930,ATAQUE,0.000000,0,0,50.41,17.8,1
931,ATAQUE,0.000000,0,0,50.47,17.8,0
932,ATAQUE,0.000000,0,0,50.52,17.8,0
933,ATAQUE,0.000000,0,0,50.58,17.8,0
934,ATAQUE,0.000000,0,0,50.63,17.8,0
935,ATAQUE,0.000000,0,0,50.68,17.8,1
936,ATAQUE,0.000000,0,0,50.74,17.8,0
937,ATAQUE,0.000000,0,0,50.79,17.8,0
938,ATAQUE,0.000000,0,0,50.85,17.8,0
939,ATAQUE,0.000000,0,0,50.91,17.8,0
940,ATAQUE,0.000000,0,0,50.96,18.4,1
941,ATAQUE,0.000000,0,0,51.02,18.4,0
942,ATAQUE,0.000000,0,0,51.07,18.4,0
943,ATAQUE,0.000000,0,0,51.13,18.4,0
944,ATAQUE,0.000000,0,0,51.18,18.4,0
945,ATAQUE,0.000000,0,0,51.23,18.4,1
946,ATAQUE,0.000000,0,0,51.29,18.4,0
947,ATAQUE,0.000000,0,0,51.34,18.4,0
948,ATAQUE,0.000000,0,0,51.39,18.4,0
949,ATAQUE,0.000000,0,0,51.44,18.4,0
950,ATAQUE,0.000000,0,0,51.50,18.6,1
951,ATAQUE,0.000000,0,0,51.55,18.6,0
952,ATAQUE,0.000000,0,0,51.60,18.6,0
953,ATAQUE,0.000000,0,0,51.66,18.6,0
954,ATAQUE,0.000000,0,0,51.71,18.6,0
955,ATAQUE,0.000000,0,0,51.76,18.6,1
956,ATAQUE,0.000000,0,0,51.81,18.6,0
957,ATAQUE,0.000000,0,0,51.87,18.6,0
958,ATAQUE,0.000000,0,0,51.92,18.6,0
959,ATAQUE,0.000000,0,0,51.98,18.6,0
960,ATAQUE,0.000000,0,0,52.03,18.6,1
961,ATAQUE,0.000000,0,0,52.09,18.6,0
962,ATAQUE,0.000000,0,0,52.15,18.6,0
963,ATAQUE,0.000000,0,0,52.20,18.6,0
964,ATAQUE,0.000000,0,0,52.26,18.6,0
965,ATAQUE,0.000000,0,0,52.32,18.6,1
966,ATAQUE,0.000000,0,0,52.37,18.6,0
967,ATAQUE,0.000000,0,0,52.43,18.6,0
968,ATAQUE,0.000000,0,0,52.48,18.6,0
969,ATAQUE,0.000000,0,0,52.53,18.6,0
970,ATAQUE,0.000000,0,0,52.58,18.2,1
971,ATAQUE,0.000000,0,0,52.64,18.2,0
972,ATAQUE,0.000000,0,0,52.69,18.2,0
973,ATAQUE,0.000000,0,0,52.75,18.2,0
974,ATAQUE,0.000000,0,0,52.80,18.2,0
975,ATAQUE,0.000000,0,0,52.86,18.2,1
976,ATAQUE,0.000000,0,0,52.91,18.2,0
977,ATAQUE,0.000000,0,0,52.97,18.2,0
978,ATAQUE,0.000000,0,0,53.02,18.2,0
979,ATAQUE,0.000000,0,0,53.07,18.2,0
980,ATAQUE,0.000000,0,0,53.12,18.6,1
981,ATAQUE,0.000000,0,0,53.18,18.6,0
982,ATAQUE,0.000000,0,0,53.23,18.6,0
983,ATAQUE,0.000000,0,0,53.28,18.6,0
984,ATAQUE,0.000000,0,0,53.33,18.6,0
985,ATAQUE,0.000000,0,0,53.38,18.6,1
986,ATAQUE,0.000000,0,0,53.44,18.6,0
987,ATAQUE,0.000000,0,0,53.49,18.6,0
988,ATAQUE,0.000000,0,0,53.55,18.6,0
989,ATAQUE,0.000000,0,0,53.61,18.6,0
990,ATAQUE,0.000000,0,0,53.67,18.3,1
991,ATAQUE,0.000000,0,0,53.72,18.3,0
992,ATAQUE,0.000000,0,0,53.78,18.3,0
993,ATAQUE,0.000000,0,0,53.83,18.3,0
994,ATAQUE,0.000000,0,0,53.89,18.3,0
995,ATAQUE,0.000000,0,0,53.94,18.3,1
996,ATAQUE,0.000000,0,0,54.00,18.3,0
997,ATAQUE,0.000000,0,0,54.05,18.3,0
998,ATAQUE,0.000000,0,0,54.10,18.3,0
999,ATAQUE,0.000000,0,0,54.16,18.3,0
1000,ATAQUE,0.000000,0,0,54.21,18.3,1
1001,ATAQUE,0.000000,0,0,54.27,18.3,0
1002,ATAQUE,0.000000,0,0,54.33,18.3,0
1003,ATAQUE,0.000000,0,0,54.38,18.3,0
1004,ATAQUE,0.000000,0,0,54.44,18.3,0
1005,ATAQUE,0.000000,0,0,54.50,18.3,1
1006,ATAQUE,0.000000,0,0,54.55,18.3,0
1007,ATAQUE,0.000000,0,0,54.61,18.3,0
1008,ATAQUE,0.000000,0,0,54.66,18.3,0
1009,ATAQUE,0.000000,0,0,54.72,18.3,0
1010,ATAQUE,0.000000,0,0,54.78,17.8,1
1011,ATAQUE,0.000000,0,0,54.83,17.8,0
1012,ATAQUE,0.000000,0,0,54.89,17.8,0
1013,ATAQUE,0.000000,0,0,54.95,17.8,0
1014,ATAQUE,0.000000,0,0,55.00,17.8,0
1015,ATAQUE,0.000000,0,0,55.05,17.8,1
1016,ATAQUE,0.000000,0,0,55.11,17.8,0
1017,ATAQUE,0.000000,0,0,55.16,17.8,0
1018,ATAQUE,0.000000,0,0,55.22,17.8,0
1019,ATAQUE,0.000000,0,0,55.27,17.8,0
1020,ATAQUE,0.000000,0,0,55.33,18.1,1
1021,ATAQUE,0.000000,0,0,55.39,18.1,0
1022,ATAQUE,0.000000,0,0,55.44,18.1,0
1023,ATAQUE,0.000000,0,0,55.49,18.1,0
1024,ATAQUE,0.000000,0,0,55.55,18.1,0
1025,ATAQUE,0.000000,0,0,55.60,18.1,1
1026,ATAQUE,0.000000,0,0,55.65,18.1,0
1027,ATAQUE,0.000000,0,0,55.70,18.1,0
1028,ATAQUE,0.000000,0,0,55.75,18.1,0
1029,ATAQUE,0.000000,0,0,55.81,18.1,0
1030,ATAQUE,0.000000,0,0,55.86,18.7,1
1031,ATAQUE,0.000000,0,0,55.92,18.7,0
1032,ATAQUE,0.000000,0,0,55.98,18.7,0
1033,ATAQUE,0.000000,0,0,56.03,18.7,0
1034,ATAQUE,0.000000,0,0,56.09,18.7,0
1035,ATAQUE,0.000000,0,0,56.14,18.7,1
1036,ATAQUE,0.000000,0,0,56.19,18.7,0
1037,ATAQUE,0.000000,0,0,56.25,18.7,0
1038,ATAQUE,0.000000,0,0,56.30,18.7,0
1039,ATAQUE,0.000000,0,0,56.35,18.7,0
1040,ATAQUE,0.000000,0,0,56.41,18.4,1
1041,ATAQUE,0.000000,0,0,56.46,18.4,0
1042,ATAQUE,0.000000,0,0,56.52,18.4,0
1043,ATAQUE,0.000000,0,0,56.57,18.4,0
1044,ATAQUE,0.000000,0,0,56.62,18.4,0
1045,ATAQUE,0.000000,0,0,56.67,18.4,1
1046,ATAQUE,0.000000,0,0,56.73,18.4,0
1047,ATAQUE,0.000000,0,0,56.78,18.4,0
1048,ATAQUE,0.000000,0,0,56.83,18.4,0
1049,ATAQUE,0.000000,0,0,56.88,18.4,0
1050,ATAQUE,0.000000,0,0,56.94,18.8,1
1051,ATAQUE,0.000000,0,0,57.00,18.8,0
1052,ATAQUE,0.000000,0,0,57.05,18.8,0
1053,ATAQUE,0.000000,0,0,57.11,18.8,0
1054,ATAQUE,0.000000,0,0,57.16,18.8,0
1055,ATAQUE,0.000000,0,0,57.22,18.8,1
1056,ATAQUE,0.000000,0,0,57.28,18.8,0
1057,ATAQUE,0.000000,0,0,57.34,18.8,0
1058,ATAQUE,0.000000,0,0,57.39,18.8,0
1059,ATAQUE,0.000000,0,0,57.44,18.8,0
1060,ATAQUE,0.000000,0,0,57.50,18.0,1
1061,ATAQUE,0.000000,0,0,57.55,18.0,0
1062,ATAQUE,0.000000,0,0,57.60,18.0,0
1063,ATAQUE,0.000000,0,0,57.66,18.0,0
1064,ATAQUE,0.000000,0,0,57.71,18.0,0
1065,ATAQUE,0.000000,0,0,57.76,18.0,1
1066,ATAQUE,0.000000,0,0,57.82,18.0,0
1067,ATAQUE,0.000000,0,0,57.88,18.0,0
1068,ATAQUE,0.000000,0,0,57.93,18.0,0
1069,ATAQUE,0.000000,0,0,57.99,18.0,0
1070,ATAQUE,0.000000,0,0,58.05,18.2,1
1071,ATAQUE,0.000000,0,0,58.10,18.2,0
1072,ATAQUE,0.000000,0,0,58.15,18.2,0
1073,ATAQUE,0.000000,0,0,58.21,18.2,0
1074,ATAQUE,0.000000,0,0,58.26,18.2,0
1075,ATAQUE,0.000000,0,0,58.31,18.2,1
1076,ATAQUE,0.000000,0,0,58.37,18.2,0
1077,ATAQUE,0.000000,0,0,58.42,18.2,0
1078,ATAQUE,0.000000,0,0,58.48,18.2,0
1079,ATAQUE,0.000000,0,0,58.54,18.2,0
1080,ATAQUE,0.000000,0,0,58.60,18.2,1
1081,ATAQUE,0.000000,0,0,58.65,18.2,0
1082,ATAQUE,0.000000,0,0,58.71,18.2,0
1083,ATAQUE,0.000000,0,0,58.76,18.2,0
1084,ATAQUE,0.000000,0,0,58.81,18.2,0
1085,ATAQUE,0.000000,0,0,58.87,18.2,1
1086,ATAQUE,0.000000,0,0,58.93,18.2,0
1087,ATAQUE,0.000000,0,0,58.98,18.2,0
1088,ATAQUE,0.000000,0,0,59.03,18.2,0
1089,ATAQUE,0.000000,0,0,59.08,18.2,0
1090,ATAQUE,0.000000,0,0,59.13,18.6,1
1091,ATAQUE,0.000000,0,0,59.18,18.6,0
1092,ATAQUE,0.000000,0,0,59.24,18.6,0
1093,ATAQUE,0.000000,0,0,59.30,18.6,0
1094,ATAQUE,0.000000,0,0,59.35,18.6,0
1095,ATAQUE,0.000000,0,0,59.41,18.6,1
1096,ATAQUE,0.000000,0,0,59.46,18.6,0
1097,ATAQUE,0.000000,0,0,59.52,18.6,0
1098,ATAQUE,0.000000,0,0,59.58,18.6,0
1099,ATAQUE,0.000000,0,0,59.64,18.6,0
1100,ATAQUE,0.000000,0,0,59.69,17.8,1
1101,ATAQUE,0.000000,0,0,59.75,17.8,0
1102,ATAQUE,0.000000,0,0,59.81,17.8,0
1103,ATAQUE,0.000000,0,0,59.86,17.8,0
1104,ATAQUE,0.000000,0,0,59.92,17.8,0
1105,ATAQUE,0.000000,0,0,59.98,17.8,1
1106,ATAQUE,0.000000,0,0,60.03,17.8,0
1107,ATAQUE,0.000000,0,0,60.08,17.8,0
1108,ATAQUE,0.000000,0,0,60.14,17.8,0
1109,ATAQUE,0.000000,0,0,60.19,17.8,0
1110,ATAQUE,0.000000,0,0,60.24,18.2,1
1111,ATAQUE,0.000000,0,0,60.30,18.2,0
1112,ATAQUE,0.000000,0,0,60.35,18.2,0
1113,ATAQUE,0.000000,0,0,60.41,18.2,0
1114,ATAQUE,0.000000,0,0,60.47,18.2,0
1115,ATAQUE,0.000000,0,0,60.52,18.2,1
1116,ATAQUE,0.000000,0,0,60.58,18.2,0
1117,ATAQUE,0.000000,0,0,60.63,18.2,0
1118,ATAQUE,0.000000,0,0,60.68,18.2,0
1119,ATAQUE,0.000000,0,0,60.74,18.2,0
1120,ATAQUE,0.000000,0,0,60.80,18.0,1
1121,ATAQUE,0.000000,0,0,60.86,18.0,0
1122,ATAQUE,0.000000,0,0,60.91,18.0,0
1123,ATAQUE,0.000000,0,0,60.97,18.0,0
1124,ATAQUE,0.000000,0,0,61.02,18.0,0
1125,ATAQUE,0.000000,0,0,61.08,18.0,1
1126,ATAQUE,0.000000,0,0,61.13,18.0,0
1127,ATAQUE,0.000000,0,0,61.19,18.0,0
1128,ATAQUE,0.000000,0,0,61.25,18.0,0
1129,ATAQUE,0.000000,0,0,61.30,18.0,0
1130,ATAQUE,0.000000,0,0,61.36,17.9,1
1131,ATAQUE,0.000000,0,0,61.41,17.9,0
1132,ATAQUE,0.000000,0,0,61.47,17.9,0
1133,ATAQUE,0.000000,0,0,61.52,17.9,0
1134,ATAQUE,0.000000,0,0,61.58,17.9,0
1135,ATAQUE,0.000000,0,0,61.64,17.9,1
1136,ATAQUE,0.000000,0,0,61.69,17.9,0
1137,ATAQUE,0.000000,0,0,61.75,17.9,0
1138,ATAQUE,0.000000,0,0,61.80,17.9,0
1139,ATAQUE,0.000000,0,0,61.86,17.9,0
1140,ATAQUE,0.000000,0,0,61.92,17.9,1
1141,ATAQUE,0.000000,0,0,61.98,17.9,0
1142,ATAQUE,0.000000,0,0,62.03,17.9,0
1143,ATAQUE,0.000000,0,0,62.09,17.9,0
1144,ATAQUE,0.000000,0,0,62.15,17.9,0
1145,ATAQUE,0.000000,0,0,62.20,17.9,1
1146,ATAQUE,0.000000,0,0,62.26,17.9,0
1147,ATAQUE,0.000000,0,0,62.32,17.9,0
1148,ATAQUE,0.000000,0,0,62.37,17.9,0
1149,ATAQUE,0.000000,0,0,62.43,17.9,0
1150,ATAQUE,0.000000,0,0,62.49,17.5,1
1151,ATAQUE,0.000000,0,0,62.55,17.5,0
1152,ATAQUE,0.000000,0,0,62.60,17.5,0
1153,ATAQUE,0.000000,0,0,62.65,17.5,0
1154,ATAQUE,0.000000,0,0,62.71,17.5,0
1155,ATAQUE,0.000000,0,0,62.76,17.5,1
1156,ATAQUE,0.000000,0,0,62.81,17.5,0
1157,ATAQUE,0.000000,0,0,62.87,17.5,0
1158,ATAQUE,0.000000,0,0,62.92,17.5,0
1159,ATAQUE,0.000000,0,0,62.97,17.5,0
1160,ATAQUE,0.000000,0,0,63.03,18.5,1
1161,ATAQUE,0.000000,0,0,63.08,18.5,0
1162,ATAQUE,0.000000,0,0,63.14,18.5,0
1163,ATAQUE,0.000000,0,0,63.19,18.5,0
1164,ATAQUE,0.000000,0,0,63.24,18.5,0
1165,ATAQUE,0.000000,0,0,63.30,18.5,1
1166,ATAQUE,0.000000,0,0,63.35,18.5,0
1167,ATAQUE,0.000000,0,0,63.41,18.5,0
1168,ATAQUE,0.000000,0,0,63.46,18.5,0
1169,ATAQUE,0.000000,0,0,63.51,18.5,0
1170,ATAQUE,0.000000,0,0,63.57,18.6,1
1171,ATAQUE,0.000000,0,0,63.62,18.6,0
1172,ATAQUE,0.000000,0,0,63.68,18.6,0
1173,ATAQUE,0.000000,0,0,63.74,18.6,0
1174,ATAQUE,0.000000,0,0,63.79,18.6,0
1175,ATAQUE,0.000000,0,0,63.85,18.6,1
1176,ATAQUE,0.000000,0,0,63.90,18.6,0
1177,ATAQUE,0.000000,0,0,63.96,18.6,0
1178,ATAQUE,0.000000,0,0,64.01,18.6,0
1179,ATAQUE,0.000000,0,0,64.07,18.6,0
1180,ATAQUE,0.000000,0,0,64.12,18.1,1
1181,ATAQUE,0.000000,0,0,64.17,18.1,0
1182,ATAQUE,0.000000,0,0,64.23,18.1,0
1183,ATAQUE,0.000000,0,0,64.28,18.1,0
1184,ATAQUE,0.000000,0,0,64.33,18.1,0
1185,ATAQUE,0.000000,0,0,64.39,18.1,1
1186,ATAQUE,0.000000,0,0,64.44,18.1,0
1187,ATAQUE,0.000000,0,0,64.50,18.1,0
1188,ATAQUE,0.000000,0,0,64.55,18.1,0
1189,ATAQUE,0.000000,0,0,64.61,18.1,0
1190,ATAQUE,0.000000,0,0,64.66,18.4,1
1191,ATAQUE,0.000000,0,0,64.72,18.4,0
1192,ATAQUE,0.000000,0,0,64.77,18.4,0
1193,ATAQUE,0.000000,0,0,64.83,18.4,0
1194,ATAQUE,0.000000,0,0,64.88,18.4,0
1195,ATAQUE,0.000000,0,0,64.94,18.4,1
1196,ATAQUE,0.000000,0,0,64.99,18.4,0
1197,ATAQUE,0.000000,0,0,65.05,18.4,0
1198,ATAQUE,0.000000,0,0,65.10,18.4,0
1199,ATAQUE,0.000000,0,0,65.16,18.4,0
1200,ATAQUE,0.000000,0,0,65.22,18.1,1
1201,ATAQUE,0.000000,0,0,65.27,18.1,0
1202,ATAQUE,0.000000,0,0,65.33,18.1,0
1203,ATAQUE,0.000000,0,0,65.38,18.1,0
1204,ATAQUE,0.000000,0,0,65.43,18.1,0
1205,ATAQUE,0.000000,0,0,65.49,18.1,1
1206,ATAQUE,0.000000,0,0,65.54,18.1,0
1207,ATAQUE,0.000000,0,0,65.60,18.1,0
1208,ATAQUE,0.000000,0,0,65.66,18.1,0
1209,ATAQUE,0.000000,0,0,65.71,18.1,0
1210,ATAQUE,0.000000,0,0,65.77,18.0,1
1211,ATAQUE,0.000000,0,0,65.83,18.0,0
1212,ATAQUE,0.000000,0,0,65.89,18.0,0
1213,ATAQUE,0.000000,0,0,65.95,18.0,0
1214,ATAQUE,0.000000,0,0,66.00,18.0,0
1215,ATAQUE,0.000000,0,0,66.05,18.0,1
1216,ATAQUE,0.000000,0,0,66.11,18.0,0
1217,ATAQUE,0.000000,0,0,66.16,18.0,0
1218,ATAQUE,0.000000,0,0,66.22,18.0,0
1219,ATAQUE,0.000000,0,0,66.27,18.0,0
1220,ATAQUE,0.000000,0,0,66.32,18.0,1
1221,ATAQUE,0.000000,0,0,66.38,18.0,0
1222,ATAQUE,0.000000,0,0,66.43,18.0,0
1223,ATAQUE,0.000000,0,0,66.49,18.0,0
1224,ATAQUE,0.000000,0,0,66.54,18.0,0
1225,ATAQUE,0.000000,0,0,66.60,18.0,1
1226,ATAQUE,0.000000,0,0,66.65,18.0,0
1227,ATAQUE,0.000000,0,0,66.71,18.0,0
1228,ATAQUE,0.000000,0,0,66.76,18.0,0
1229,ATAQUE,0.000000,0,0,66.81,18.0,0
1230,ATAQUE,0.000000,0,0,66.87,18.5,1
1231,ATAQUE,0.000000,0,0,66.92,18.5,0
1232,ATAQUE,0.000000,0,0,66.97,18.5,0
1233,ATAQUE,0.000000,0,0,67.02,18.5,0
1234,ATAQUE,0.000000,0,0,67.07,18.5,0
1235,ATAQUE,0.000000,0,0,67.13,18.5,1
1236,ATAQUE,0.000000,0,0,67.18,18.5,0
1237,ATAQUE,0.000000,0,0,67.23,18.5,0
1238,ATAQUE,0.000000,0,0,67.29,18.5,0
1239,ATAQUE,0.000000,0,0,67.35,18.5,0
1240,ATAQUE,0.000000,0,0,67.40,18.7,1
1241,ATAQUE,0.000000,0,0,67.46,18.7,0
1242,ATAQUE,0.000000,0,0,67.51,18.7,0
1243,ATAQUE,0.000000,0,0,67.57,18.7,0
1244,ATAQUE,0.000000,0,0,67.62,18.7,0
1245,ATAQUE,0.000000,0,0,67.68,18.7,1
1246,ATAQUE,0.000000,0,0,67.73,18.7,0
1247,ATAQUE,0.000000,0,0,67.79,18.7,0
1248,ATAQUE,0.000000,0,0,67.84,18.7,0
1249,ATAQUE,0.000000,0,0,67.90,18.7,0
1250,ATAQUE,0.000000,0,0,67.95,18.1,1
1251,ATAQUE,0.000000,0,0,68.01,18.1,0
1252,ATAQUE,0.000000,0,0,68.07,18.1,0
1253,ATAQUE,0.000000,0,0,68.12,18.1,0
1254,ATAQUE,0.000000,0,0,68.18,18.1,0
1255,ATAQUE,0.000000,0,0,68.23,18.1,1
1256,ATAQUE,0.000000,0,0,68.29,18.1,0
1257,ATAQUE,0.000000,0,0,68.34,18.1,0
1258,ATAQUE,0.000000,0,0,68.39,18.1,0
1259,ATAQUE,0.000000,0,0,68.45,18.1,0
1260,ATAQUE,0.000000,0,0,68.50,18.3,1
1261,ATAQUE,0.000000,0,0,68.55,18.3,0
1262,ATAQUE,0.000000,0,0,68.60,18.3,0
1263,ATAQUE,0.000000,0,0,68.65,18.3,0
1264,ATAQUE,0.000000,0,0,68.71,18.3,0
1265,ATAQUE,0.000000,0,0,68.76,18.3,1
1266,ATAQUE,0.000000,0,0,68.81,18.3,0
1267,ATAQUE,0.000000,0,0,68.86,18.3,0
1268,ATAQUE,0.000000,0,0,68.91,18.3,0
1269,ATAQUE,0.000000,0,0,68.97,18.3,0
1270,ATAQUE,0.000000,0,0,69.02,19.3,1
1271,ATAQUE,0.000000,0,0,69.07,19.3,0
1272,ATAQUE,0.000000,0,0,69.12,19.3,0
1273,ATAQUE,0.000000,0,0,69.17,19.3,0
1274,ATAQUE,0.000000,0,0,69.22,19.3,0
1275,ATAQUE,0.000000,0,0,69.28,19.3,1
1276,ATAQUE,0.000000,0,0,69.33,19.3,0
1277,ATAQUE,0.000000,0,0,69.38,19.3,0
1278,ATAQUE,0.000000,0,0,69.44,19.3,0
1279,ATAQUE,0.000000,0,0,69.49,19.3,0
1280,ATAQUE,0.000000,0,0,69.54,19.0,1
1281,ATAQUE,0.000000,0,0,69.60,19.0,0
1282,ATAQUE,0.000000,0,0,69.65,19.0,0
1283,ATAQUE,0.000000,0,0,69.71,19.0,0
1284,ATAQUE,0.000000,0,0,69.77,19.0,0
1285,ATAQUE,0.000000,0,0,69.82,19.0,1
1286,ATAQUE,0.000000,0,0,69.87,19.0,0
1287,ATAQUE,0.000000,0,0,69.93,19.0,0
1288,ATAQUE,0.000000,0,0,69.99,19.0,0
1289,ATAQUE,0.000000,0,0,70.04,19.0,0
1290,ATAQUE,0.000000,0,0,70.10,18.1,1
1291,ATAQUE,0.000000,0,0,70.15,18.1,0
1292,ATAQUE,0.000000,0,0,70.21,18.1,0
1293,ATAQUE,0.000000,0,0,70.27,18.1,0
1294,ATAQUE,0.000000,0,0,70.32,18.1,0
1295,ATAQUE,0.000000,0,0,70.38,18.1,1
1296,ATAQUE,0.000000,0,0,70.43,18.1,0
1297,ATAQUE,0.000000,0,0,70.48,18.1,0
1298,ATAQUE,0.000000,0,0,70.54,18.1,0
1299,ATAQUE,0.000000,0,0,70.59,18.1,0
1300,ATAQUE,0.000000,0,0,70.65,18.1,1
1301,ATAQUE,0.000000,0,0,70.70,18.1,0
1302,ATAQUE,0.000000,0,0,70.75,18.1,0
1303,ATAQUE,0.000000,0,0,70.81,18.1,0
1304,ATAQUE,0.000000,0,0,70.86,18.1,0
1305,ATAQUE,0.000000,0,0,70.92,18.1,1
1306,ATAQUE,0.000000,0,0,70.97,18.1,0
1307,ATAQUE,0.000000,0,0,71.03,18.1,0
1308,ATAQUE,0.000000,0,0,71.08,18.1,0
1309,ATAQUE,0.000000,0,0,71.14,18.1,0
1310,ATAQUE,0.000000,0,0,71.20,18.3,1
1311,ATAQUE,0.000000,0,0,71.25,18.3,0
1312,ATAQUE,0.000000,0,0,71.30,18.3,0
1313,ATAQUE,0.000000,0,0,71.36,18.3,0
1314,ATAQUE,0.000000,0,0,71.41,18.3,0
1315,ATAQUE,0.000000,0,0,71.47,18.3,1
1316,ATAQUE,0.000000,0,0,71.52,18.3,0
1317,ATAQUE,0.000000,0,0,71.57,18.3,0
1318,ATAQUE,0.000000,0,0,71.62,18.3,0
1319,ATAQUE,0.000000,0,0,71.67,18.3,0
1320,ATAQUE,0.000000,0,0,71.73,18.8,1
1321,ATAQUE,0.000000,0,0,71.78,18.8,0
1322,ATAQUE,0.000000,0,0,71.83,18.8,0
1323,ATAQUE,0.000000,0,0,71.88,18.8,0
1324,ATAQUE,0.000000,0,0,71.94,18.8,0
1325,ATAQUE,0.000000,0,0,71.99,18.8,1
1326,ATAQUE,0.000000,0,0,72.04,18.8,0
1327,ATAQUE,0.000000,0,0,72.09,18.8,0
1328,ATAQUE,0.000000,0,0,72.15,18.8,0
1329,ATAQUE,0.000000,0,0,72.20,18.8,0
1330,ATAQUE,0.000000,0,0,72.25,19.0,1
1331,ATAQUE,0.000000,0,0,72.31,19.0,0
1332,ATAQUE,0.000000,0,0,72.36,19.0,0
1333,ATAQUE,0.000000,0,0,72.41,19.0,0
1334,ATAQUE,0.000000,0,0,72.46,19.0,0
1335,ATAQUE,0.000000,0,0,72.51,19.0,1
1336,ATAQUE,0.000000,0,0,72.56,19.0,0
1337,ATAQUE,0.000000,0,0,72.61,19.0,0
1338,ATAQUE,0.000000,0,0,72.66,19.0,0
1339,ATAQUE,0.000000,0,0,72.72,19.0,0
1340,ATAQUE,0.000000,0,0,72.77,19.4,1
1341,ATAQUE,0.000000,0,0,72.82,19.4,0
1342,ATAQUE,0.000000,0,0,72.87,19.4,0
1343,ATAQUE,0.000000,0,0,72.93,19.4,0
1344,ATAQUE,0.000000,0,0,72.98,19.4,0
1345,ATAQUE,0.000000,0,0,73.04,19.4,1
1346,ATAQUE,0.000000,0,0,73.09,19.4,0
1347,ATAQUE,0.000000,0,0,73.15,19.4,0
1348,ATAQUE,0.000000,0,0,73.20,19.4,0
1349,ATAQUE,0.000000,0,0,73.26,19.4,0
1350,ATAQUE,0.000000,0,0,73.31,18.4,1
1351,ATAQUE,0.000000,0,0,73.36,18.4,0
1352,ATAQUE,0.000000,0,0,73.41,18.4,0
1353,ATAQUE,0.000000,0,0,73.47,18.4,0
1354,ATAQUE,0.000000,0,0,73.52,18.4,0
1355,ATAQUE,0.000000,0,0,73.57,18.4,1
1356,ATAQUE,0.000000,0,0,73.62,18.4,0
1357,ATAQUE,0.000000,0,0,73.68,18.4,0
1358,ATAQUE,0.000000,0,0,73.73,18.4,0
1359,ATAQUE,0.000000,0,0,73.78,18.4,0
1360,ATAQUE,0.000000,0,0,73.83,19.2,1
1361,ATAQUE,0.000000,0,0,73.88,19.2,0
1362,ATAQUE,0.000000,0,0,73.94,19.2,0
1363,ATAQUE,0.000000,0,0,73.99,19.2,0
1364,ATAQUE,0.000000,0,0,74.04,19.2,0
1365,ATAQUE,0.000000,0,0,74.09,19.2,1
1366,ATAQUE,0.000000,0,0,74.15,19.2,0
1367,ATAQUE,0.000000,0,0,74.20,19.2,0
1368,ATAQUE,0.000000,0,0,74.26,19.2,0
1369,ATAQUE,0.000000,0,0,74.31,19.2,0
1370,ATAQUE,0.000000,0,0,74.37,18.8,1
1371,ATAQUE,0.000000,0,0,74.42,18.8,0
1372,ATAQUE,0.000000,0,0,74.47,18.8,0
1373,ATAQUE,0.000000,0,0,74.52,18.8,0
1374,ATAQUE,0.000000,0,0,74.57,18.8,0
1375,ATAQUE,0.000000,0,0,74.63,18.8,1
1376,ATAQUE,0.000000,0,0,74.68,18.8,0
1377,ATAQUE,0.000000,0,0,74.73,18.8,0
1378,ATAQUE,0.000000,0,0,74.78,18.8,0
1379,ATAQUE,0.000000,0,0,74.84,18.8,0
1380,ATAQUE,0.000000,0,0,74.89,19.1,1
1381,ATAQUE,0.000000,0,0,74.95,19.1,0
1382,ATAQUE,0.000000,0,0,75.00,19.1,0
1383,ATAQUE,0.000000,0,0,75.06,19.1,0
1384,ATAQUE,0.000000,0,0,75.11,19.1,0
1385,ATAQUE,0.000000,0,0,75.16,19.1,1
1386,ATAQUE,0.000000,0,0,75.22,19.1,0
1387,ATAQUE,0.000000,0,0,75.27,19.1,0
1388,ATAQUE,0.000000,0,0,75.32,19.1,0
1389,ATAQUE,0.000000,0,0,75.38,19.1,0
1390,ATAQUE,0.000000,0,0,75.43,18.4,1
1391,ATAQUE,0.000000,0,0,75.49,18.4,0
1392,ATAQUE,0.000000,0,0,75.54,18.4,0
1393,ATAQUE,0.000000,0,0,75.59,18.4,0
1394,ATAQUE,0.000000,0,0,75.64,18.4,0
1395,ATAQUE,0.000000,0,0,75.70,18.4,1
1396,ATAQUE,0.000000,0,0,75.75,18.4,0
1397,ATAQUE,0.000000,0,0,75.80,18.4,0
1398,ATAQUE,0.000000,0,0,75.85,18.4,0
1399,ATAQUE,0.000000,0,0,75.91,18.4,0
1400,ATAQUE,0.000000,0,0,75.97,18.8,1
1401,ATAQUE,0.000000,0,0,76.02,18.8,0
1402,ATAQUE,0.000000,0,0,76.08,18.8,0
1403,ATAQUE,0.000000,0,0,76.14,18.8,0
1404,ATAQUE,0.000000,0,0,76.19,18.8,0
1405,ATAQUE,0.000000,0,0,76.25,18.8,1
1406,ATAQUE,0.000000,0,0,76.30,18.8,0
1407,ATAQUE,0.000000,0,0,76.35,18.8,0
1408,ATAQUE,0.000000,0,0,76.41,18.8,0
1409,ATAQUE,0.000000,0,0,76.46,18.8,0
1410,ATAQUE,0.000000,0,0,76.52,18.1,1
1411,ATAQUE,0.000000,0,0,76.57,18.1,0
1412,ATAQUE,0.000000,0,0,76.63,18.1,0
1413,ATAQUE,0.000000,0,0,76.68,18.1,0
1414,ATAQUE,0.000000,0,0,76.73,18.1,0
1415,ATAQUE,0.000000,0,0,76.78,18.1,1
1416,ATAQUE,0.000000,0,0,76.83,18.1,0
1417,ATAQUE,0.000000,0,0,76.89,18.1,0
1418,ATAQUE,0.000000,0,0,76.94,18.1,0
1419,ATAQUE,0.000000,0,0,77.00,18.1,0
1420,ATAQUE,0.000000,0,0,77.05,18.8,1
1421,ATAQUE,0.000000,0,0,77.11,18.8,0
1422,ATAQUE,0.000000,0,0,77.16,18.8,0
1423,ATAQUE,0.000000,0,0,77.22,18.8,0
1424,ATAQUE,0.000000,0,0,77.27,18.8,0
1425,ATAQUE,0.000000,0,0,77.33,18.8,1
1426,ATAQUE,0.000000,0,0,77.38,18.8,0
1427,ATAQUE,0.000000,0,0,77.44,18.8,0
1428,ATAQUE,0.000000,0,0,77.50,18.8,0
1429,ATAQUE,0.000000,0,0,77.55,18.8,0
1430,ATAQUE,0.000000,0,0,77.61,17.9,1
1431,ATAQUE,0.000000,0,0,77.66,17.9,0
1432,ATAQUE,0.000000,0,0,77.71,17.9,0
1433,ATAQUE,0.000000,0,0,77.77,17.9,0
1434,ATAQUE,0.000000,0,0,77.83,17.9,0
1435,ATAQUE,0.000000,0,0,77.88,17.9,1
1436,ATAQUE,0.000000,0,0,77.93,17.9,0
1437,ATAQUE,0.000000,0,0,77.98,17.9,0
1438,ATAQUE,0.000000,0,0,78.03,17.9,0
1439,ATAQUE,0.000000,0,0,78.08,17.9,0
1440,ATAQUE,0.000000,0,0,78.14,18.9,1
1441,ATAQUE,0.000000,0,0,78.19,18.9,0
1442,ATAQUE,0.000000,0,0,78.25,18.9,0
1443,ATAQUE,0.000000,0,0,78.30,18.9,0
1444,ATAQUE,0.000000,0,0,78.36,18.9,0
1445,ATAQUE,0.000000,0,0,78.42,18.9,1
1446,ATAQUE,0.000000,0,0,78.47,18.9,0
1447,ATAQUE,0.000000,0,0,78.53,18.9,0
1448,ATAQUE,0.000000,0,0,78.58,18.9,0
1449,ATAQUE,0.000000,0,0,78.63,18.9,0
1450,ATAQUE,0.000000,0,0,78.68,18.4,1
1451,ATAQUE,0.000000,0,0,78.73,18.4,0
1452,ATAQUE,0.000000,0,0,78.79,18.4,0
1453,ATAQUE,0.000000,0,0,78.84,18.4,0
1454,ATAQUE,0.000000,0,0,78.90,18.4,0
1455,ATAQUE,0.000000,0,0,78.95,18.4,1
1456,ATAQUE,0.000000,0,0,79.01,18.4,0
1457,ATAQUE,0.000000,0,0,79.06,18.4,0
1458,ATAQUE,0.000000,0,0,79.12,18.4,0
1459,ATAQUE,0.000000,0,0,79.17,18.4,0
1460,ATAQUE,0.000000,0,0,79.23,18.3,1
1461,ATAQUE,0.000000,0,0,79.28,18.3,0
1462,ATAQUE,0.000000,0,0,79.34,18.3,0
1463,ATAQUE,0.000000,0,0,79.39,18.3,0
1464,ATAQUE,0.000000,0,0,79.44,18.3,0
1465,ATAQUE,0.000000,0,0,79.50,18.3,1
1466,ATAQUE,0.000000,0,0,79.55,18.3,0
1467,ATAQUE,0.000000,0,0,79.60,18.3,0
1468,ATAQUE,0.000000,0,0,79.66,18.3,0
1469,ATAQUE,0.000000,0,0,79.71,18.3,0
1470,ATAQUE,0.000000,0,0,79.76,18.7,1
1471,ATAQUE,0.000000,0,0,79.81,18.7,0
1472,ATAQUE,0.000000,0,0,79.86,18.7,0
1473,ATAQUE,0.000000,0,0,79.92,18.7,0
1474,ATAQUE,0.000000,0,0,79.97,18.7,0
1475,ATAQUE,0.000000,0,0,80.02,18.7,1
1476,ATAQUE,0.000000,0,0,80.08,18.7,0
1477,ATAQUE,0.000000,0,0,80.13,18.7,0
1478,ATAQUE,0.000000,0,0,80.18,18.7,0
1479,ATAQUE,0.000000,0,0,80.24,18.7,0
1480,ATAQUE,0.000000,0,0,80.29,18.8,1
1481,ATAQUE,0.000000,0,0,80.35,18.8,0
1482,ATAQUE,0.000000,0,0,80.40,18.8,0
1483,ATAQUE,0.000000,0,0,80.45,18.8,0
1484,ATAQUE,0.000000,0,0,80.50,18.8,0
1485,ATAQUE,0.000000,0,0,80.53,18.8,1
1486,ATAQUE,0.000000,0,0,80.58,18.8,0
1487,ATAQUE,0.000000,0,0,80.64,18.8,0
1488,ATAQUE,0.000000,0,0,80.69,18.8,0
1489,ATAQUE,0.000000,0,0,80.75,18.8,0
1490,ATAQUE,0.000000,0,0,80.80,19.8,1
1491,ATAQUE,0.000000,0,0,80.85,19.8,0
1492,ATAQUE,0.000000,0,0,80.91,19.8,0
1493,ATAQUE,0.000000,0,0,80.96,19.8,0
1494,ATAQUE,0.000000,0,0,81.01,19.8,0
1495,ATAQUE,0.000000,0,0,81.06,19.8,1
1496,ATAQUE,0.000000,0,0,81.11,19.8,0
1497,ATAQUE,0.000000,0,0,81.17,19.8,0
1498,ATAQUE,0.000000,0,0,81.22,19.8,0
1499,ATAQUE,0.000000,0,0,81.27,19.8,0
1500,ATAQUE,0.000000,0,0,81.32,19.2,1
1501,ATAQUE,0.000000,0,0,81.38,19.2,0
1502,ATAQUE,0.000000,0,0,81.43,19.2,0
1503,ATAQUE,0.000000,0,0,81.49,19.2,0
1504,ATAQUE,0.000000,0,0,81.54,19.2,0
1505,ATAQUE,0.000000,0,0,81.60,19.2,1
1506,ATAQUE,0.000000,0,0,81.65,19.2,0
1507,ATAQUE,0.000000,0,0,81.71,19.2,0
1508,ATAQUE,0.000000,0,0,81.76,19.2,0
1509,ATAQUE,0.000000,0,0,81.82,19.2,0
1510,ATAQUE,0.000000,0,0,81.87,18.2,1
1511,ATAQUE,0.000000,0,0,81.92,18.2,0
1512,ATAQUE,0.000000,0,0,81.97,18.2,0
1513,ATAQUE,0.000000,0,0,82.03,18.2,0
1514,ATAQUE,0.000000,0,0,82.08,18.2,0
1515,ATAQUE,0.000000,0,0,82.13,18.2,1
1516,ATAQUE,0.000000,0,0,82.18,18.2,0
1517,ATAQUE,0.000000,0,0,82.24,18.2,0
1518,ATAQUE,0.000000,0,0,82.29,18.2,0
1519,ATAQUE,0.000000,0,0,82.34,18.2,0
1520,ATAQUE,0.000000,0,0,82.40,18.9,1
1521,ATAQUE,0.000000,0,0,82.45,18.9,0
1522,ATAQUE,0.000000,0,0,82.51,18.9,0
1523,ATAQUE,0.000000,0,0,82.56,18.9,0
1524,ATAQUE,0.000000,0,0,82.62,18.9,0
1525,ATAQUE,0.000000,0,0,82.67,18.9,1
1526,ATAQUE,0.000000,0,0,82.72,18.9,0
1527,ATAQUE,0.000000,0,0,82.78,18.9,0
1528,ATAQUE,0.000000,0,0,82.83,18.9,0
1529,ATAQUE,0.000000,0,0,82.89,18.9,0
1530,ATAQUE,0.000000,0,0,82.94,18.3,1
1531,ATAQUE,0.000000,0,0,83.00,18.3,0
1532,ATAQUE,0.000000,0,0,83.05,18.3,0
1533,ATAQUE,0.000000,0,0,83.11,18.3,0
1534,ATAQUE,0.000000,0,0,83.17,18.3,0
1535,ATAQUE,0.000000,0,0,83.22,18.3,1
1536,ATAQUE,0.000000,0,0,83.27,18.3,0
1537,ATAQUE,0.000000,0,0,83.32,18.3,0
1538,ATAQUE,0.000000,0,0,83.38,18.3,0
1539,ATAQUE,0.000000,0,0,83.43,18.3,0
1540,ATAQUE,0.000000,0,0,83.48,18.6,1
1541,ATAQUE,0.000000,0,0,83.53,18.6,0
1542,ATAQUE,0.000000,0,0,83.59,18.6,0
1543,ATAQUE,0.000000,0,0,83.64,18.6,0
1544,ATAQUE,0.000000,0,0,83.70,18.6,0
1545,ATAQUE,0.000000,0,0,83.75,18.6,1
1546,ATAQUE,0.000000,0,0,83.81,18.6,0
1547,ATAQUE,0.000000,0,0,83.86,18.6,0
1548,ATAQUE,0.000000,0,0,83.92,18.6,0
1549,ATAQUE,0.000000,0,0,83.97,18.6,0
1550,ATAQUE,0.000000,0,0,84.02,18.7,1
1551,ATAQUE,0.000000,0,0,84.07,18.7,0
1552,ATAQUE,0.000000,0,0,84.12,18.7,0
1553,ATAQUE,0.000000,0,0,84.18,18.7,0
1554,ATAQUE,0.000000,0,0,84.23,18.7,0
1555,ATAQUE,0.000000,0,0,84.28,18.7,1
1556,ATAQUE,0.000000,0,0,84.33,18.7,0
1557,ATAQUE,0.000000,0,0,84.38,18.7,0
1558,ATAQUE,0.000000,0,0,84.43,18.7,0
1559,ATAQUE,0.000000,0,0,84.48,18.7,0
1560,ATAQUE,0.000000,0,0,84.53,19.3,1
1561,ATAQUE,0.000000,0,0,84.59,19.3,0
1562,ATAQUE,0.000000,0,0,84.64,19.3,0
1563,ATAQUE,0.000000,0,0,84.69,19.3,0
1564,ATAQUE,0.000000,0,0,84.74,19.3,0
1565,ATAQUE,0.000000,0,0,84.79,19.3,1
1566,ATAQUE,0.000000,0,0,84.85,19.3,0
1567,ATAQUE,0.000000,0,0,84.90,19.3,0
1568,ATAQUE,0.000000,0,0,84.95,19.3,0
1569,ATAQUE,0.000000,0,0,85.00,19.3,0
1570,ATAQUE,0.000000,0,0,85.05,19.2,1
1571,ATAQUE,0.000000,0,0,85.11,19.2,0
1572,ATAQUE,0.000000,0,0,85.16,19.2,0
1573,ATAQUE,0.000000,0,0,85.21,19.2,0
1574,ATAQUE,0.000000,0,0,85.27,19.2,0
1575,ATAQUE,0.000000,0,0,85.32,19.2,1
1576,ATAQUE,0.000000,0,0,85.37,19.2,0
1577,ATAQUE,0.000000,0,0,85.42,19.2,0
1578,ATAQUE,0.000000,0,0,85.48,19.2,0
1579,ATAQUE,0.000000,0,0,85.53,19.2,0
1580,ATAQUE,0.000000,0,0,85.59,18.6,1
1581,ATAQUE,0.000000,0,0,85.64,18.6,0
1582,ATAQUE,0.000000,0,0,85.70,18.6,0
1583,ATAQUE,0.000000,0,0,85.75,18.6,0
1584,ATAQUE,0.000000,0,0,85.80,18.6,0
1585,ATAQUE,0.000000,0,0,85.85,18.6,1
1586,ATAQUE,0.000000,0,0,85.91,18.6,0
1587,ATAQUE,0.000000,0,0,85.96,18.6,0
1588,ATAQUE,0.000000,0,0,86.01,18.6,0
1589,ATAQUE,0.000000,0,0,86.07,18.6,0
1590,ATAQUE,0.000000,0,0,86.12,19.0,1
1591,ATAQUE,0.000000,0,0,86.17,19.0,0
1592,ATAQUE,0.000000,0,0,86.23,19.0,0
1593,ATAQUE,0.000000,0,0,86.29,19.0,0
1594,ATAQUE,0.000000,0,0,86.34,19.0,0
1595,ATAQUE,0.000000,0,0,86.39,19.0,1
1596,ATAQUE,0.000000,0,0,86.45,19.0,0
1597,ATAQUE,0.000000,0,0,86.50,19.0,0
1598,ATAQUE,0.000000,0,0,86.55,19.0,0
1599,ATAQUE,0.000000,0,0,86.60,19.0,0
1600,ATAQUE,0.000000,0,0,86.66,18.4,1
1601,ATAQUE,0.000000,0,0,86.71,18.4,0
1602,ATAQUE,0.000000,0,0,86.77,18.4,0
1603,ATAQUE,0.000000,0,0,86.82,18.4,0
1604,ATAQUE,0.000000,0,0,86.88,18.4,0
1605,ATAQUE,0.000000,0,0,86.93,18.4,1
1606,ATAQUE,0.000000,0,0,86.99,18.4,0
1607,ATAQUE,0.000000,0,0,87.04,18.4,0
1608,ATAQUE,0.000000,0,0,87.10,18.4,0
1609,ATAQUE,0.000000,0,0,87.15,18.4,0
1610,ATAQUE,0.000000,0,0,87.21,18.3,1
1611,ATAQUE,0.000000,0,0,87.26,18.3,0
1612,ATAQUE,0.000000,0,0,87.32,18.3,0
1613,ATAQUE,0.000000,0,0,87.37,18.3,0
1614,ATAQUE,0.000000,0,0,87.42,18.3,0
1615,ATAQUE,0.000000,0,0,87.48,18.3,1
1616,ATAQUE,0.000000,0,0,87.53,18.3,0
1617,ATAQUE,0.000000,0,0,87.58,18.3,0
1618,ATAQUE,0.000000,0,0,87.64,18.3,0
1619,ATAQUE,0.000000,0,0,87.69,18.3,0
1620,ATAQUE,0.000000,0,0,87.74,18.7,1
1621,ATAQUE,0.000000,0,0,87.79,18.7,0
1622,ATAQUE,0.000000,0,0,87.85,18.7,0
1623,ATAQUE,0.000000,0,0,87.90,18.7,0
1624,ATAQUE,0.000000,0,0,87.95,18.7,0
1625,ATAQUE,0.000000,0,0,88.00,18.7,1
1626,ATAQUE,0.000000,0,0,88.06,18.7,0
1627,ATAQUE,0.000000,0,0,88.11,18.7,0
1628,ATAQUE,0.000000,0,0,88.16,18.7,0
1629,ATAQUE,0.000000,0,0,88.21,18.7,0
1630,ATAQUE,0.000000,0,0,88.27,19.1,1
1631,ATAQUE,0.000000,0,0,88.32,19.1,0
1632,ATAQUE,0.000000,0,0,88.37,19.1,0
1633,ATAQUE,0.000000,0,0,88.43,19.1,0
1634,ATAQUE,0.000000,0,0,88.48,19.1,0
1635,ATAQUE,0.000000,0,0,88.53,19.1,1
1636,ATAQUE,0.000000,0,0,88.58,19.1,0
1637,ATAQUE,0.000000,0,0,88.64,19.1,0
1638,ATAQUE,0.000000,0,0,88.69,19.1,0
1639,ATAQUE,0.000000,0,0,88.75,19.1,0
1640,ATAQUE,0.000000,0,0,88.80,18.7,1
1641,ATAQUE,0.000000,0,0,88.85,18.7,0
1642,ATAQUE,0.000000,0,0,88.91,18.7,0
1643,ATAQUE,0.000000,0,0,88.96,18.7,0
1644,ATAQUE,0.000000,0,0,89.01,18.7,0
1645,ATAQUE,0.000000,0,0,89.07,18.7,1
1646,ATAQUE,0.000000,0,0,89.12,18.7,0
1647,ATAQUE,0.000000,0,0,89.18,18.7,0
1648,ATAQUE,0.000000,0,0,89.23,18.7,0
1649,ATAQUE,0.000000,0,0,89.28,18.7,0
1650,ATAQUE,0.000000,0,0,89.34,18.7,1
1651,ATAQUE,0.000000,0,0,89.39,18.7,0
1652,ATAQUE,0.000000,0,0,89.44,18.7,0
1653,ATAQUE,0.000000,0,0,89.50,18.7,0
1654,ATAQUE,0.000000,0,0,89.55,18.7,0
1655,ATAQUE,0.000000,0,0,89.60,18.7,1
1656,ATAQUE,0.000000,0,0,89.66,18.7,0
1657,ATAQUE,0.000000,0,0,89.71,18.7,0
1658,ATAQUE,0.000000,0,0,89.76,18.7,0
1659,ATAQUE,0.000000,0,0,89.81,18.7,0
1660,ATAQUE,0.000000,0,0,89.87,18.8,1
1661,ATAQUE,0.000000,0,0,89.92,18.8,0
1662,ATAQUE,0.000000,0,0,89.98,18.8,0
1663,ATAQUE,0.000000,0,0,90.03,18.8,0
1664,ATAQUE,0.000000,0,0,90.09,18.8,0
1665,ATAQUE,0.000000,0,0,90.15,18.8,1
1666,ATAQUE,0.000000,0,0,90.20,18.8,0
1667,ATAQUE,0.000000,0,0,90.26,18.8,0
1668,ATAQUE,0.000000,0,0,90.31,18.8,0
1669,ATAQUE,0.000000,0,0,90.37,18.8,0
1670,ATAQUE,0.000000,0,0,90.42,18.1,1
1671,ATAQUE,0.000000,0,0,90.47,18.1,0
1672,ATAQUE,0.000000,0,0,90.53,18.1,0
1673,ATAQUE,0.000000,0,0,90.58,18.1,0
1674,ATAQUE,0.000000,0,0,90.64,18.1,0
1675,ATAQUE,0.000000,0,0,90.69,18.1,1
1676,ATAQUE,0.000000,0,0,90.75,18.1,0
1677,ATAQUE,0.000000,0,0,90.80,18.1,0
1678,ATAQUE,0.000000,0,0,90.86,18.1,0
1679,ATAQUE,0.000000,0,0,90.91,18.1,0
1680,ATAQUE,0.000000,0,0,90.96,18.4,1
1681,ATAQUE,0.000000,0,0,91.02,18.4,0
1682,ATAQUE,0.000000,0,0,91.07,18.4,0
1683,ATAQUE,0.000000,0,0,91.13,18.4,0
1684,ATAQUE,0.000000,0,0,91.18,18.4,0
1685,ATAQUE,0.000000,0,0,91.24,18.4,1
1686,ATAQUE,0.000000,0,0,91.29,18.4,0
1687,ATAQUE,0.000000,0,0,91.35,18.4,0
1688,ATAQUE,0.000000,0,0,91.40,18.4,0
1689,ATAQUE,0.000000,0,0,91.45,18.4,0
1690,ATAQUE,0.000000,0,0,91.51,18.3,1
1691,ATAQUE,0.000000,0,0,91.56,18.3,0
1692,ATAQUE,0.000000,0,0,91.62,18.3,0
1693,ATAQUE,0.000000,0,0,91.67,18.3,0
1694,ATAQUE,0.000000,0,0,91.73,18.3,0
1695,ATAQUE,0.000000,0,0,91.78,18.3,1
1696,ATAQUE,0.000000,0,0,91.83,18.3,0
1697,ATAQUE,0.000000,0,0,91.89,18.3,0
1698,ATAQUE,0.000000,0,0,91.94,18.3,0
1699,ATAQUE,0.000000,0,0,91.99,18.3,0
1700,ATAQUE,0.000000,0,0,92.04,18.9,1
1701,ATAQUE,0.000000,0,0,92.09,18.9,0
1702,ATAQUE,0.000000,0,0,92.14,18.9,0
1703,ATAQUE,0.000000,0,0,92.19,18.9,0
1704,ATAQUE,0.000000,0,0,92.24,18.9,0
1705,ATAQUE,0.000000,0,0,92.30,18.9,1
1706,ATAQUE,0.000000,0,0,92.35,18.9,0
1707,ATAQUE,0.000000,0,0,92.40,18.9,0
1708,ATAQUE,0.000000,0,0,92.45,18.9,0
1709,ATAQUE,0.000000,0,0,92.51,18.9,0
1710,ATAQUE,0.000000,0,0,92.56,19.1,1
1711,ATAQUE,0.000000,0,0,92.62,19.1,0
1712,ATAQUE,0.000000,0,0,92.67,19.1,0
1713,ATAQUE,0.000000,0,0,92.72,19.1,0
1714,ATAQUE,0.000000,0,0,92.77,19.1,0
1715,ATAQUE,0.000000,0,0,92.83,19.1,1
1716,ATAQUE,0.000000,0,0,92.88,19.1,0
1717,ATAQUE,0.000000,0,0,92.93,19.1,0
1718,ATAQUE,0.000000,0,0,92.99,19.1,0
1719,ATAQUE,0.000000,0,0,93.04,19.1,0
1720,ATAQUE,0.000000,0,0,93.10,18.8,1
1721,ATAQUE,0.000000,0,0,93.15,18.8,0
1722,ATAQUE,0.000000,0,0,93.20,18.8,0
1723,ATAQUE,0.000000,0,0,93.25,18.8,0
1724,ATAQUE,0.000000,0,0,93.31,18.8,0
1725,ATAQUE,0.000000,0,0,93.36,18.8,1
1726,ATAQUE,0.000000,0,0,93.41,18.8,0
1727,ATAQUE,0.000000,0,0,93.47,18.8,0
1728,ATAQUE,0.000000,0,0,93.52,18.8,0
1729,ATAQUE,0.000000,0,0,93.58,18.8,0
1730,ATAQUE,0.000000,0,0,93.63,18.7,1
1731,ATAQUE,0.000000,0,0,93.69,18.7,0
1732,ATAQUE,0.000000,0,0,93.74,18.7,0
1733,ATAQUE,0.000000,0,0,93.79,18.7,0
1734,ATAQUE,0.000000,0,0,93.84,18.7,0
1735,ATAQUE,0.000000,0,0,93.90,18.7,1
1736,ATAQUE,0.000000,0,0,93.95,18.7,0
1737,ATAQUE,0.000000,0,0,94.00,18.7,0
1738,ATAQUE,0.000000,0,0,94.05,18.7,0
1739,ATAQUE,0.000000,0,0,94.10,18.7,0
1740,ATAQUE,0.000000,0,0,94.15,19.3,1
1741,ATAQUE,0.000000,0,0,94.20,19.3,0
1742,ATAQUE,0.000000,0,0,94.26,19.3,0
1743,ATAQUE,0.000000,0,0,94.31,19.3,0
1744,ATAQUE,0.000000,0,0,94.36,19.3,0
1745,ATAQUE,0.000000,0,0,94.41,19.3,1
1746,ATAQUE,0.000000,0,0,94.46,19.3,0
1747,ATAQUE,0.000000,0,0,94.51,19.3,0
1748,ATAQUE,0.000000,0,0,94.56,19.3,0
1749,ATAQUE,0.000000,0,0,94.62,19.3,0
1750,ATAQUE,0.000000,0,0,94.67,19.2,1
1751,ATAQUE,0.000000,0,0,94.72,19.2,0
1752,ATAQUE,0.000000,0,0,94.78,19.2,0
1753,ATAQUE,0.000000,0,0,94.83,19.2,0
1754,ATAQUE,0.000000,0,0,94.89,19.2,0
1755,ATAQUE,0.000000,0,0,94.94,19.2,1
1756,ATAQUE,0.000000,0,0,94.99,19.2,0
1757,ATAQUE,0.000000,0,0,95.05,19.2,0
1758,ATAQUE,0.000000,0,0,95.10,19.2,0
1759,ATAQUE,0.000000,0,0,95.16,19.2,0
1760,ATAQUE,0.000000,0,0,95.21,18.7,1
1761,ATAQUE,0.000000,0,0,95.26,18.7,0
1762,ATAQUE,0.000000,0,0,95.31,18.7,0
1763,ATAQUE,0.000000,0,0,95.37,18.7,0
1764,ATAQUE,0.000000,0,0,95.42,18.7,0
1765,ATAQUE,0.000000,0,0,95.47,18.7,1
1766,ATAQUE,0.000000,0,0,95.52,18.7,0
1767,ATAQUE,0.000000,0,0,95.58,18.7,0
1768,ATAQUE,0.000000,0,0,95.63,18.7,0
1769,ATAQUE,0.000000,0,0,95.69,18.7,0
1770,ATAQUE,0.000000,0,0,95.74,18.7,1
1771,ATAQUE,0.000000,0,0,95.80,18.7,0
1772,ATAQUE,0.000000,0,0,95.85,18.7,0
1773,ATAQUE,0.000000,0,0,95.91,18.7,0
1774,ATAQUE,0.000000,0,0,95.96,18.7,0
1775,ATAQUE,0.000000,0,0,96.01,18.7,1
1776,ATAQUE,0.000000,0,0,96.06,18.7,0
1777,ATAQUE,0.000000,0,0,96.11,18.7,0
1778,ATAQUE,0.000000,0,0,96.16,18.7,0
1779,ATAQUE,0.000000,0,0,96.21,18.7,0
1780,ATAQUE,0.000000,0,0,96.26,19.3,1
1781,ATAQUE,0.000000,0,0,96.31,19.3,0
1782,ATAQUE,0.000000,0,0,96.36,19.3,0
1783,ATAQUE,0.000000,0,0,96.41,19.3,0
1784,ATAQUE,0.000000,0,0,96.46,19.3,0
1785,ATAQUE,0.000000,0,0,96.51,19.3,1
1786,ATAQUE,0.000000,0,0,96.56,19.3,0
1787,ATAQUE,0.000000,0,0,96.61,19.3,0
1788,ATAQUE,0.000000,0,0,96.66,19.3,0
1789,ATAQUE,0.000000,0,0,96.71,19.3,0
1790,ATAQUE,0.000000,0,0,96.76,20.1,1
1791,ATAQUE,0.000000,0,0,96.81,20.1,0
1792,ATAQUE,0.000000,0,0,96.86,20.1,0
1793,ATAQUE,0.000000,0,0,96.91,20.1,0
1794,ATAQUE,0.000000,0,0,96.96,20.1,0
1795,ATAQUE,0.000000,0,0,97.01,20.1,1
1796,ATAQUE,0.000000,0,0,97.06,20.1,0
1797,ATAQUE,0.000000,0,0,97.11,20.1,0
1798,ATAQUE,0.000000,0,0,97.16,20.1,0
1799,ATAQUE,0.000000,0,0,97.21,20.1,0
1800,ATAQUE,0.000000,0,0,97.26,20.1,1
1801,ATAQUE,0.000000,0,0,97.31,20.1,0
1802,ATAQUE,0.000000,0,0,97.36,20.1,0
1803,ATAQUE,0.000000,0,0,97.41,20.1,0
1804,ATAQUE,0.000000,0,0,97.47,20.1,0
1805,ATAQUE,0.000000,0,0,97.52,20.1,1
1806,ATAQUE,0.000000,0,0,97.57,20.1,0
1807,ATAQUE,0.000000,0,0,97.63,20.1,0
1808,ATAQUE,0.000000,0,0,97.68,20.1,0
1809,ATAQUE,0.000000,0,0,97.73,20.1,0
1810,ATAQUE,0.000000,0,0,97.78,19.0,1
1811,ATAQUE,0.000000,0,0,97.84,19.0,0
1812,ATAQUE,0.000000,0,0,97.89,19.0,0
1813,ATAQUE,0.000000,0,0,97.94,19.0,0
1814,ATAQUE,0.000000,0,0,97.99,19.0,0
1815,ATAQUE,0.000000,0,0,98.04,19.0,1
1816,ATAQUE,0.000000,0,0,98.09,19.0,0
1817,ATAQUE,0.000000,0,0,98.14,19.0,0
1818,ATAQUE,0.000000,0,0,98.19,19.0,0
1819,ATAQUE,0.000000,0,0,98.25,19.0,0
1820,ATAQUE,0.000000,0,0,98.30,19.5,1
1821,ATAQUE,0.000000,0,0,98.35,19.5,0
1822,ATAQUE,0.000000,0,0,98.40,19.5,0
1823,ATAQUE,0.000000,0,0,98.45,19.5,0
1824,ATAQUE,0.000000,0,0,98.51,19.5,0
1825,ATAQUE,0.000000,0,0,98.56,19.5,1
1826,ATAQUE,0.000000,0,0,98.62,19.5,0
1827,ATAQUE,0.000000,0,0,98.67,19.5,0
1828,ATAQUE,0.000000,0,0,98.73,19.5,0
1829,ATAQUE,0.000000,0,0,98.78,19.5,0
1830,ATAQUE,0.000000,0,0,98.84,18.5,1
1831,ATAQUE,0.000000,0,0,98.90,18.5,0
1832,ATAQUE,0.000000,0,0,98.95,18.5,0
1833,ATAQUE,0.000000,0,0,99.00,18.5,0
1834,ATAQUE,0.000000,0,0,99.05,18.5,0
1835,ATAQUE,0.000000,0,0,99.10,18.5,1
1836,ATAQUE,0.000000,0,0,99.16,18.5,0
1837,ATAQUE,0.000000,0,0,99.21,18.5,0
1838,ATAQUE,0.000000,0,0,99.26,18.5,0
1839,ATAQUE,0.000000,0,0,99.31,18.5,0
1840,ATAQUE,0.000000,0,0,99.36,19.0,1
1841,ATAQUE,0.000000,0,0,99.42,19.0,0
1842,ATAQUE,0.000000,0,0,99.47,19.0,0
1843,ATAQUE,0.000000,0,0,99.52,19.0,0
1844,ATAQUE,0.000000,0,0,99.57,19.0,0
1845,ATAQUE,0.000000,0,0,99.62,19.0,1
1846,ATAQUE,0.000000,0,0,99.68,19.0,0
1847,ATAQUE,0.000000,0,0,99.73,19.0,0
1848,ATAQUE,0.000000,0,0,99.78,19.0,0
1849,ATAQUE,0.000000,0,0,99.84,19.0,0
1850,ATAQUE,0.000000,0,0,99.90,18.8,1
1851,ATAQUE,0.000000,0,0,99.95,18.8,0
1852,ATAQUE,0.000000,0,0,100.00,18.8,0
1853,ATAQUE,0.000000,0,0,100.06,18.8,0
1854,ATAQUE,0.000000,0,0,100.11,18.8,0
1855,ATAQUE,0.000000,0,0,100.16,18.8,1
1856,ATAQUE,0.000000,0,0,100.21,18.8,0
1857,ATAQUE,0.000000,0,0,100.26,18.8,0
1858,ATAQUE,0.000000,0,0,100.32,18.8,0
1859,ATAQUE,0.000000,0,0,100.37,18.8,0
1860,ATAQUE,0.000000,0,0,100.42,19.0,1
1861,ATAQUE,0.000000,0,0,100.48,19.0,0
1862,ATAQUE,0.000000,0,0,100.53,19.0,0
1863,ATAQUE,0.000000,0,0,100.58,19.0,0
1864,ATAQUE,0.000000,0,0,100.63,19.0,0
1865,ATAQUE,0.000000,0,0,100.69,19.0,1
1866,ATAQUE,0.000000,0,0,100.74,19.0,0
1867,ATAQUE,0.000000,0,0,100.80,19.0,0
1868,ATAQUE,0.000000,0,0,100.85,19.0,0
1869,ATAQUE,0.000000,0,0,100.90,19.0,0
1870,ATAQUE,0.000000,0,0,100.96,18.7,1
1871,ATAQUE,0.000000,0,0,101.01,18.7,0
1872,ATAQUE,0.000000,0,0,101.06,18.7,0
1873,ATAQUE,0.000000,0,0,101.11,18.7,0
1874,ATAQUE,0.000000,0,0,101.16,18.7,0
1875,ATAQUE,0.000000,0,0,101.21,18.7,1
1876,ATAQUE,0.000000,0,0,101.26,18.7,0
1877,ATAQUE,0.000000,0,0,101.31,18.7,0
1878,ATAQUE,0.000000,0,0,101.37,18.7,0
1879,ATAQUE,0.000000,0,0,101.42,18.7,0
1880,ATAQUE,0.000000,0,0,101.48,19.2,1
1881,ATAQUE,0.000000,0,0,101.53,19.2,0
1882,ATAQUE,0.000000,0,0,101.58,19.2,0
1883,ATAQUE,0.000000,0,0,101.63,19.2,0
1884,ATAQUE,0.000000,0,0,101.68,19.2,0
1885,ATAQUE,0.000000,0,0,101.73,19.2,1
1886,ATAQUE,0.000000,0,0,101.78,19.2,0
1887,ATAQUE,0.000000,0,0,101.83,19.2,0
1888,ATAQUE,0.000000,0,0,101.88,19.2,0
1889,ATAQUE,0.000000,0,0,101.93,19.2,0
1890,ATAQUE,0.000000,0,0,101.98,19.7,1
1891,ATAQUE,0.000000,0,0,102.04,19.7,0
1892,ATAQUE,0.000000,0,0,102.09,19.7,0
1893,ATAQUE,0.000000,0,0,102.15,19.7,0
1894,ATAQUE,0.000000,0,0,102.20,19.7,0
1895,ATAQUE,0.000000,0,0,102.26,19.7,1
1896,ATAQUE,0.000000,0,0,102.31,19.7,0
1897,ATAQUE,0.000000,0,0,102.36,19.7,0
1898,ATAQUE,0.000000,0,0,102.42,19.7,0
1899,ATAQUE,0.000000,0,0,102.48,19.7,0
1900,ATAQUE,0.000000,0,0,102.53,18.3,1
1901,ATAQUE,0.000000,0,0,102.58,18.3,0
1902,ATAQUE,0.000000,0,0,102.64,18.3,0
1903,ATAQUE,0.000000,0,0,102.70,18.3,0
1904,ATAQUE,0.000000,0,0,102.75,18.3,0
1905,ATAQUE,0.000000,0,0,102.81,18.3,1
1906,ATAQUE,0.000000,0,0,102.86,18.3,0
1907,ATAQUE,0.000000,0,0,102.92,18.3,0
1908,ATAQUE,0.000000,0,0,102.97,18.3,0
1909,ATAQUE,0.000000,0,0,103.03,18.3,0
1910,ATAQUE,0.000000,0,0,103.08,18.1,1
1911,ATAQUE,0.000000,0,0,103.13,18.1,0
1912,ATAQUE,0.000000,0,0,103.19,18.1,0
1913,ATAQUE,0.000000,0,0,103.24,18.1,0
1914,ATAQUE,0.000000,0,0,103.29,18.1,0
1915,ATAQUE,0.000000,0,0,103.34,18.1,1
1916,ATAQUE,0.000000,0,0,103.40,18.1,0
1917,ATAQUE,0.000000,0,0,103.44,18.1,0
1918,ATAQUE,0.000000,0,0,103.49,18.1,0
1919,ATAQUE,0.000000,0,0,103.55,18.1,0
1920,ATAQUE,0.000000,0,0,103.60,19.4,1
1921,ATAQUE,0.000000,0,0,103.65,19.4,0
1922,ATAQUE,0.000000,0,0,103.70,19.4,0
1923,ATAQUE,0.000000,0,0,103.76,19.4,0
1924,ATAQUE,0.000000,0,0,103.81,19.4,0
1925,ATAQUE,0.000000,0,0,103.87,19.4,1
1926,ATAQUE,0.000000,0,0,103.92,19.4,0
1927,ATAQUE,0.000000,0,0,103.98,19.4,0
1928,ATAQUE,0.000000,0,0,104.03,19.4,0
1929,ATAQUE,0.000000,0,0,104.08,19.4,0
1930,ATAQUE,0.000000,0,0,104.13,18.6,1
1931,ATAQUE,0.000000,0,0,104.19,18.6,0
1932,ATAQUE,0.000000,0,0,104.24,18.6,0
1933,ATAQUE,0.000000,0,0,104.29,18.6,0
1934,ATAQUE,0.000000,0,0,104.35,18.6,0
1935,ATAQUE,0.000000,0,0,104.40,18.6,1
1936,ATAQUE,0.000000,0,0,104.46,18.6,0
1937,ATAQUE,0.000000,0,0,104.51,18.6,0
1938,ATAQUE,0.000000,0,0,104.56,18.6,0
1939,ATAQUE,0.000000,0,0,104.61,18.6,0
1940,ATAQUE,0.000000,0,0,104.66,18.9,1
1941,ATAQUE,0.000000,0,0,104.71,18.9,0
1942,ATAQUE,0.000000,0,0,104.76,18.9,0
1943,ATAQUE,0.000000,0,0,104.81,18.9,0
1944,ATAQUE,0.000000,0,0,104.86,18.9,0
1945,ATAQUE,0.000000,0,0,104.92,18.9,1
1946,ATAQUE,0.000000,0,0,104.97,18.9,0
1947,ATAQUE,0.000000,0,0,105.02,18.9,0
1948,ATAQUE,0.000000,0,0,105.07,18.9,0
1949,ATAQUE,0.000000,0,0,105.13,18.9,0
1950,ATAQUE,0.000000,0,0,105.18,19.5,1
1951,ATAQUE,0.000000,0,0,105.23,19.5,0
1952,ATAQUE,0.000000,0,0,105.29,19.5,0
1953,ATAQUE,0.000000,0,0,105.34,19.5,0
1954,ATAQUE,0.000000,0,0,105.40,19.5,0
1955,ATAQUE,0.000000,0,0,105.45,19.5,1
1956,ATAQUE,0.000000,0,0,105.50,19.5,0
1957,ATAQUE,0.000000,0,0,105.56,19.5,0
1958,ATAQUE,0.000000,0,0,105.61,19.5,0
1959,ATAQUE,0.000000,0,0,105.67,19.5,0
1960,ATAQUE,0.000000,0,0,105.72,18.4,1
1961,ATAQUE,0.000000,0,0,105.77,18.4,0
1962,ATAQUE,0.000000,0,0,105.83,18.4,0
1963,ATAQUE,0.000000,0,0,105.88,18.4,0
1964,ATAQUE,0.000000,0,0,105.94,18.4,0
1965,ATAQUE,0.000000,0,0,105.99,18.4,1
1966,ATAQUE,0.000000,0,0,106.04,18.4,0
1967,ATAQUE,0.000000,0,0,106.10,18.4,0
1968,ATAQUE,0.000000,0,0,106.15,18.4,0
1969,ATAQUE,0.000000,0,0,106.20,18.4,0
1970,ATAQUE,0.000000,0,0,106.25,18.7,1
1971,ATAQUE,0.000000,0,0,106.30,18.7,0
1972,ATAQUE,0.000000,0,0,106.36,18.7,0
1973,ATAQUE,0.000000,0,0,106.41,18.7,0
1974,ATAQUE,0.000000,0,0,106.46,18.7,0
1975,ATAQUE,0.000000,0,0,106.51,18.7,1
1976,ATAQUE,0.000000,0,0,106.57,18.7,0
1977,ATAQUE,0.000000,0,0,106.62,18.7,0
1978,ATAQUE,0.000000,0,0,106.68,18.7,0
1979,ATAQUE,0.000000,0,0,106.73,18.7,0
1980,ATAQUE,0.000000,0,0,106.78,19.0,1
1981,ATAQUE,0.000000,0,0,106.83,19.0,0
1982,ATAQUE,0.000000,0,0,106.89,19.0,0
1983,ATAQUE,0.000000,0,0,106.94,19.0,0
1984,ATAQUE,0.000000,0,0,106.99,19.0,0
1985,ATAQUE,0.000000,0,0,107.04,19.0,1
1986,ATAQUE,0.000000,0,0,107.09,19.0,0
1987,ATAQUE,0.000000,0,0,107.14,19.0,0
1988,ATAQUE,0.000000,0,0,107.20,19.0,0
1989,ATAQUE,0.000000,0,0,107.25,19.0,0
1990,ATAQUE,0.000000,0,0,107.31,18.9,1
1991,ATAQUE,0.000000,0,0,107.36,18.9,0
1992,ATAQUE,0.000000,0,0,107.42,18.9,0
1993,ATAQUE,0.000000,0,0,107.47,18.9,0
1994,ATAQUE,0.000000,0,0,107.53,18.9,0
1995,ATAQUE,0.000000,0,0,107.58,18.9,1
1996,ATAQUE,0.000000,0,0,107.63,18.9,0
1997,ATAQUE,0.000000,0,0,107.69,18.9,0
1998,ATAQUE,0.000000,0,0,107.74,18.9,0
1999,ATAQUE,0.000000,0,0,107.79,18.9,0
2000,ATAQUE,0.000000,0,0,107.85,18.5,1
2001,ATAQUE,0.000000,0,0,107.90,18.5,0
2002,ATAQUE,0.000000,0,0,107.95,18.5,0
2003,ATAQUE,0.000000,0,0,108.01,18.5,0
2004,ATAQUE,0.000000,0,0,108.06,18.5,0
2005,ATAQUE,0.000000,0,0,108.11,18.5,1
2006,ATAQUE,0.000000,0,0,108.16,18.5,0
2007,ATAQUE,0.000000,0,0,108.21,18.5,0
2008,ATAQUE,0.000000,0,0,108.26,18.5,0
2009,ATAQUE,0.000000,0,0,108.31,18.5,0
2010,ATAQUE,0.000000,0,0,108.36,19.3,1
2011,ATAQUE,0.000000,0,0,108.42,19.3,0
2012,ATAQUE,0.000000,0,0,108.46,19.3,0
2013,ATAQUE,0.000000,0,0,108.52,19.3,0
2014,ATAQUE,0.000000,0,0,108.57,19.3,0
2015,ATAQUE,0.000000,0,0,108.62,19.3,1
2016,ATAQUE,0.000000,0,0,108.68,19.3,0
2017,ATAQUE,0.000000,0,0,108.73,19.3,0
2018,ATAQUE,0.000000,0,0,108.78,19.3,0
2019,ATAQUE,0.000000,0,0,108.83,19.3,0
2020,ATAQUE,0.000000,0,0,108.88,19.3,1
2021,ATAQUE,0.000000,0,0,108.93,19.3,0
2022,ATAQUE,0.000000,0,0,108.98,19.3,0
2023,ATAQUE,0.000000,0,0,109.04,19.3,0
2024,ATAQUE,0.000000,0,0,109.09,19.3,0
2025,ATAQUE,0.000000,0,0,109.15,19.3,1
2026,ATAQUE,0.000000,0,0,109.20,19.3,0
2027,ATAQUE,0.000000,0,0,109.25,19.3,0
2028,ATAQUE,0.000000,0,0,109.31,19.3,0
2029,ATAQUE,0.000000,0,0,109.36,19.3,0
2030,ATAQUE,0.000000,0,0,109.41,18.9,1
2031,ATAQUE,0.000000,0,0,109.46,18.9,0
2032,ATAQUE,0.000000,0,0,109.52,18.9,0
2033,ATAQUE,0.000000,0,0,109.57,18.9,0
2034,ATAQUE,0.000000,0,0,109.63,18.9,0
2035,ATAQUE,0.000000,0,0,109.68,18.9,1
2036,ATAQUE,0.000000,0,0,109.74,18.9,0
2037,ATAQUE,0.000000,0,0,109.79,18.9,0
2038,ATAQUE,0.000000,0,0,109.84,18.9,0
2039,ATAQUE,0.000000,0,0,109.90,18.9,0
2040,ATAQUE,0.000000,0,0,109.95,18.6,1
2041,ATAQUE,0.000000,0,0,110.00,18.6,0
2042,ATAQUE,0.000000,0,0,110.05,18.6,0
2043,ATAQUE,0.000000,0,0,110.10,18.6,0
2044,ATAQUE,0.000000,0,0,110.15,18.6,0
2045,ATAQUE,0.000000,0,0,110.20,18.6,1
2046,ATAQUE,0.000000,0,0,110.25,18.6,0
2047,ATAQUE,0.000000,0,0,110.30,18.6,0
2048,ATAQUE,0.000000,0,0,110.35,18.6,0
2049,ATAQUE,0.000000,0,0,110.40,18.6,0
2050,ATAQUE,0.000000,0,0,110.46,19.6,1
2051,ATAQUE,0.000000,0,0,110.51,19.6,0
2052,ATAQUE,0.000000,0,0,110.56,19.6,0
2053,ATAQUE,0.000000,0,0,110.61,19.6,0
2054,ATAQUE,0.000000,0,0,110.66,19.6,0
2055,ATAQUE,0.000000,0,0,110.72,19.6,1
2056,ATAQUE,0.000000,0,0,110.77,19.6,0
2057,ATAQUE,0.000000,0,0,110.82,19.6,0
2058,ATAQUE,0.000000,0,0,110.88,19.6,0
2059,ATAQUE,0.000000,0,0,110.93,19.6,0
2060,ATAQUE,0.000000,0,0,110.98,19.0,1
2061,ATAQUE,0.000000,0,0,111.04,19.0,0
2062,ATAQUE,0.000000,0,0,111.09,19.0,0
2063,ATAQUE,0.000000,0,0,111.15,19.0,0
2064,ATAQUE,0.000000,0,0,111.20,19.0,0
2065,ATAQUE,0.000000,0,0,111.26,19.0,1
2066,ATAQUE,0.000000,0,0,111.31,19.0,0
2067,ATAQUE,0.000000,0,0,111.37,19.0,0
2068,ATAQUE,0.000000,0,0,111.42,19.0,0
2069,ATAQUE,0.000000,0,0,111.47,19.0,0
2070,ATAQUE,0.000000,0,0,111.52,18.6,1
2071,ATAQUE,0.000000,0,0,111.57,18.6,0
2072,ATAQUE,0.000000,0,0,111.62,18.6,0
2073,ATAQUE,0.000000,0,0,111.67,18.6,0
2074,ATAQUE,0.000000,0,0,111.72,18.6,0
