attack_id,source_name,source_vid,target_name,target_vid,similarity,n_swap_frames,fooled_045,fooled_060
0,Renato_Soru,2,Candice_Bergen,5,0.419486,5,0,0
1,Elizabeth_Shue,0,Eddie_Lewis,0,0.095827,5,0,0
2,Sarah_Michelle_Gellar,4,Vince_Gill,0,0.163583,5,0,0
3,Alejandro_Gonzalez_Inarritu,0,Alberto_Ruiz_Gallardon,0,0.195039,5,0,0
4,Eileen_Coparropa,1,Mark_Dacey,3,0.200774,5,0,0
5,Cristina_Saralegui,5,Todd_Robbins,4,0.621042,5,1,1
6,Earl_Scruggs,4,Leticia_Dolera,0,0.408028,5,0,0
7,William_Rehnquist,0,Chris_Klein,0,0.538558,5,1,0
8,Eve_Ensler,2,Chris_Bell,2,0.572548,5,1,0
9,Bill_Cartwright,2,Ben_Stein,1,0.502236,5,1,0
10,Ivan_Stambolic,2,Hashim_Thaci,0,0.340009,5,0,0
11,Vadim_Devyatovskiy,2,Lindsey_Graham,3,0.362539,5,0,0
12,Anjum_Hussain,2,Oleg_Romantsev,3,0.303421,5,0,0
13,Paul_Celluci,0,Connie_Chung,2,0.279583,5,0,0
14,Roger_Mahony,5,Edward_Albee,2,0.443193,5,0,0
15,Eileen_Coparropa,1,Biljana_Plavsic,1,0.383812,5,0,0
16,Liane_Janda,4,Ray_Nagin,0,0.160176,5,0,0
17,Jalal_Talabani,3,Isabella_Rossellini,2,0.524264,5,1,0
18,Thomas_Manger,4,Takeshi_Kitano,5,0.364898,5,0,0
19,Nestor_Kirchner,4,Vaclav_Klaus,1,0.481455,5,1,0
20,Lisa_Leslie,5,James_Meeks,2,0.528279,5,1,0
21,Taylor_Twellman,4,Ornella_Muti,2,0.512542,5,1,0
22,Yogi_Berra,1,Zhang_Ziyi,1,0.029517,4,0,0
23,Alejandro_Gonzalez_Inarritu,2,Gavin_Degraw,3,0.427842,5,0,0
24,Andres_Pastrana,3,Danny_Glover,1,0.543480,5,1,0
25,Robert_Schuller,3,Marina_Silva,5,0.455420,5,1,0
26,Charley_Armey,1,Eric_Vigouroux,4,0.395356,5,0,0
27,Vladimiro_Montesinos,3,Owen_Wilson,5,0.334616,5,0,0
28,Paul_Newman,2,Kathy_Gannon,3,0.263097,5,0,0
29,Chakib_Khelil,4,Marquier_Montano_Contreras,0,0.597262,5,1,0
30,William_Ford_Jr,0,Ali_Khamenei,1,0.528380,5,1,0
31,Rachel_Hunter,5,Chris_Matthews,5,0.281070,5,0,0
32,Perry_Farrell,2,Andrea_De_Cruz,4,0.170500,5,0,0
33,Peri_Gilpin,2,Loretta_Lynn_Harper,0,0.625753,5,1,1
34,Taha_Yassin_Ramadan,0,Tom_Hanusik,0,0.689998,5,1,1
35,Yolanda_King,4,Rich_Brooks,0,0.369428,5,0,0
36,Franco_Dragone,1,Laurence_Fishburne,4,0.128420,5,0,0
37,Abbas_Kiarostami,0,Tom_Izzo,4,0.502881,5,1,0
38,Mark_Leno,3,Brett_Hull,2,0.493055,5,1,0
39,Regina_Ip,0,Mark_Leno,1,0.436445,5,0,0
40,James_Carville,1,Wolfgang_Schneiderhan,2,0.396311,5,0,0
41,Peter_Bacanovic,0,George_Karl,1,0.311931,5,0,0
42,Candie_Kung,3,Jack_Valenti,1,0.388217,5,0,0
43,Amelia_Vega,1,Elisha_Cuthbert,1,0.408244,5,0,0
44,Valentino_Rossi,5,Makhdoom_Amin_Fahim,5,0.514368,5,1,0
45,Yang_Jianli,0,Carolina_Kluft,5,0.204035,5,0,0
46,Norman_Mineta,3,Christian_Olsson,5,0.164391,5,0,0
47,Dany_Heatley,3,Nicolas_Eyzaguirre,2,0.749234,5,1,1
48,Gary_Condit,3,Kathy_Gannon,3,0.338443,5,0,0
49,Lee_Ann_Womack,3,Matt_Anderson,0,0.452164,5,1,0
50,Ellen_MacArthur,3,Edie_Falco,4,0.449045,5,0,0
51,Akhmed_Zakayev,1,Paul_Walker,3,0.517156,5,1,0
52,Abdullah_Gul,5,Andy_Griffith,0,0.450984,5,1,0
53,Edward_Flynn,0,Andrew_Fastow,0,0.447514,5,0,0
54,Andy_Griffith,0,Mary_Carey,4,0.185668,5,0,0
55,Sam_Mendes,0,Mahmoud_Al_Zhar,0,0.352769,5,0,0
56,Tom_McClintock,0,Patricia_Phillips,3,0.332702,5,0,0
57,Lucio_Stanca,1,Kenneth_Reichert,2,0.606568,5,1,1
58,Bernard_Siegel,0,Robin_McLaurin_Williams,3,0.323999,5,0,0
59,Larry_Donald,0,Kim_Clijsters,5,0.206350,5,0,0
60,Sandra_Milo,0,Robert_Ehrlich,0,0.382784,5,0,0
61,Keith_Tyson,1,Uma_Thurman,3,0.408123,5,0,0
62,Ellen_Saracini,0,Condoleezza_Rice,4,0.422337,5,0,0
63,Charles_Ingram,1,Larenz_Tate,2,0.442838,5,0,0
64,Lisa_Ling,0,Elodie_Bouchez,3,0.436472,5,0,0
65,Nuon_Chea,0,Bertie_Ahern,1,0.503730,5,1,0
66,Benedita_da_Silva,1,Will_Young,5,0.409959,5,0,0
67,Kenneth_Carlsen,4,Mahmoud_Al_Zhar,0,0.315349,5,0,0
68,Keanu_Reeves,0,Amr_Moussa,5,0.545953,5,1,0
69,Aaron_Tippin,1,Janet_Napolitano,5,0.351590,5,0,0
70,Fidel_Castro,5,Larry_Coker,2,0.485653,5,1,0
71,Collis_Temple_III,0,Frank_Caliendo,1,0.527849,5,1,0
72,Paul_Gascoigne,4,Viara_Vike-Freiberga,2,0.480083,5,1,0
73,Amber_Tamblyn,5,Alison_Lohman,4,0.551059,5,1,0
74,Natasha_McElhone,1,Chris_Cooper,4,0.159136,5,0,0
75,Baburam_Bhattari,0,Colin_Campbell,4,0.334582,5,0,0
76,Sara_Silverman,5,Elaine_Stritch,1,0.198390,5,0,0
77,Patricia_Hearst,0,Ellen_Barkin,3,0.674668,5,1,1
78,Kyle_Shewfelt,2,Roberta_Combs,0,0.305144,5,0,0
79,Dan_Reeves,3,Sam_Rockwell,1,0.272942,5,0,0
80,Eric_Wedge,2,Karin_Viard,3,0.456384,5,1,0
81,Linda_Franklin,0,Gene_Hackman,2,0.228913,5,0,0
82,Linda_Mason,4,Princess_Anne,0,0.627726,5,1,1
83,Nick_Rimando,3,Darla_Moore,1,0.314700,5,0,0
84,Catherine_Zeta-Jones,0,Igor_Trunov,2,0.751133,5,1,1
85,Jake_Gyllenhaal,0,Festus_Mogae,1,0.300146,5,0,0
86,Nikolay_Davydenko,3,Thor_Pedersen,2,0.352819,5,0,0
87,Salma_Hayek,1,Olympia_Dukakis,1,0.313354,5,0,0
88,Cecile_de_France,4,Eric_Staal,1,0.428254,5,0,0
89,Viola_Davis,2,Olivia_Newton-John,4,0.160436,5,0,0
90,Felix_Sanchez,2,Peter_Mackay,4,0.327209,5,0,0
91,Dan_Guerrero,1,Tariq_Aziz,5,0.463958,5,1,0
92,Elva_Hsiao,3,Ally_Sheedy,4,0.548807,5,1,0
93,Evan_Marriott,0,Alfonso_Portillo,3,0.334168,5,0,0
94,Yukio_Hatoyama,3,Catherine_Bell,0,0.365985,5,0,0
95,Vincent_Sombrotto,0,Lena_Katina,2,0.289567,5,0,0
96,Candie_Kung,3,Angela_Merkel,4,0.207801,5,0,0
97,Jake_Gyllenhaal,5,Paul_Krueger,0,0.634286,5,1,1
98,Laura_Elena_Harring,0,Carrie-Anne_Moss,2,0.656261,5,1,1
99,Jackie_Sherrill,4,Alexander_Lukashenko,1,0.409205,5,0,0
100,Takashi_Yamamoto,1,Elodie_Bouchez,3,0.599090,5,1,0
101,Oswaldo_Paya,0,Kenneth_Carlsen,3,0.214554,5,0,0
102,Chris_Thomas,2,Ciro_Gomes,1,0.417868,5,0,0
103,Clark_Randt,4,Vicente_Fox,5,0.554980,5,1,0
104,Sam_Rockwell,1,Vanessa_Williams,5,0.504496,5,1,0
105,Chris_Klein,0,Thomas_Gottschalk,2,0.337855,5,0,0
106,Alexa_Vega,1,Lubomir_Zaoralek,0,0.339846,5,0,0
107,Lino_Oviedo,3,Ilan_Ramon,0,0.570055,5,1,0
108,Eddie_Fenech_Adami,5,Al_Leiter,4,0.186945,5,0,0
109,Geraldine_Chaplin,3,Evo_Morales,1,0.473494,5,1,0
110,Imelda_Marcos,3,Richard_Branson,5,0.471969,5,1,0
111,Nick_Markakis,2,Habib_Hisham,1,0.265538,5,0,0
112,Eric_Clapton,2,Clara_Harris,3,0.429997,5,0,0
113,Caio_Blat,4,Perry_Farrell,2,0.408421,5,0,0
114,Uzi_Landau,5,Gary_Paer,2,0.371730,5,0,0
115,Jamir_Miller,4,Paul_Bremer,3,0.290823,5,0,0
116,Alfonso_Portillo,3,Tim_Pawlenty,0,0.510342,5,1,0
117,Nabil_Shaath,0,Nicola_Bono,5,0.379476,5,0,0
118,Laura_Linney,4,Andy_Dick,2,0.368111,5,0,0
119,Roman_Coppola,4,Carol_Burnett,3,0.568145,5,1,0
120,Sally_Kirkland,2,Kevin_Satterfield,1,0.328173,5,0,0
121,Thabo_Mbeki,5,Frank_Abagnale_Jr,2,0.294441,5,0,0
122,Laila_Ali,3,Sadie_Frost,5,0.396701,5,0,0
123,Warren_Buffett,5,Chuck_Yeager,1,0.336708,5,0,0
124,Kenneth_Branagh,0,Norm_Macdonald,2,0.393620,5,0,0
125,Filippo_Inzaghi,2,Danielle_Spencer,3,0.562343,5,1,0
126,Liu_Mingkang,1,Lena_Katina,2,0.549544,5,1,0
127,Martin_Frost,0,Lucy_Liu,1,0.526216,5,1,0
128,Fernando_Sanz,5,Mary_Matalin,5,0.238760,5,0,0
129,Hamid_Reza_Asefi,2,Benedita_da_Silva,5,0.761350,5,1,1
130,Gary_Bettman,1,Edie_Falco,3,0.317188,5,0,0
131,Al_Sharpton,3,Ali_Abbas,5,0.440524,5,0,0
132,Philippe_Noiret,1,Yogi_Berra,1,0.342841,5,0,0
133,Kofi_Annan,2,Raghad_Saddam_Hussein,1,0.289584,5,0,0
134,Maria_Guida,0,Katie_Harman,2,0.433930,5,0,0
135,Robert_Wagner,3,Tavis_Smiley,0,0.343160,5,0,0
136,Zydrunas_Ilgauskas,1,Larry_Flynt,0,0.519373,5,1,0
137,Terry_Semel,2,Matt_Damon,1,0.632090,5,1,1
138,Orrin_Hatch,2,Elmar_Brok,5,0.173568,5,0,0
139,Cathy_Freeman,4,Lisa_Stansfield,3,0.399588,5,0,0
140,Picabo_Street,4,Tom_Gamboa,0,0.551495,5,1,0
141,Chris_Hernandez,1,Vladimir_Putin,2,0.413109,5,0,0
142,Enrique_Bolanos,4,Wesley_Clark,3,0.404170,5,0,0
143,Yang_Jianli,3,Zoran_Djindjic,1,0.607340,5,1,1
144,Queen_Sofia,0,Elias_Attallah,3,0.190771,5,0,0
145,Angie_Martinez,1,Tippi_Hedren,5,0.628253,5,1,1
146,Ethan_Hawke,3,Han_Sung_Joo,1,0.501249,5,1,0
147,Chakib_Khelil,4,Cheryl_Ford,4,0.233247,5,0,0
148,Terry_Bradshaw,1,Chick_Hearn,1,0.453631,5,1,0
149,Kostya_Tszyu,2,Kevin_Borseth,4,0.321162,5,0,0
150,Liu_Ye,0,Kristen_Breitweiser,1,0.576696,5,1,0
151,LK_Advani,5,Jane_Rooney,2,0.356082,5,0,0
152,James_Phelps,3,Luiz_Inacio_Lula_da_Silva,4,0.542427,5,1,0
153,Frank_Murkowski,5,Will_Young,5,0.363505,5,0,0
154,Nicola_Bono,5,Wang_Nan,4,0.398018,5,0,0
155,David_Carradine,5,Eugene_Melnyk,2,0.455536,5,1,0
156,Alberto_Fujimori,0,Jane_Pauley,4,0.643084,5,1,1
157,Scott_Blum,0,Kemal_Dervis,1,0.290008,5,0,0
158,Carrie-Anne_Moss,0,Princess_Stephanie,5,0.390117,5,0,0
159,Paula_Zahn,0,Paola_Espinoza,2,0.026246,5,0,0
160,Richard_Gere,3,Lars_Von_Trier,0,0.298915,5,0,0
161,Claudia_Schiffer,3,Alison_Lohman,3,0.468678,5,1,0
162,Georgi_Parvanov,2,Dany_Heatley,4,0.209145,5,0,0
163,Hank_McKinnell,3,Winona_Ryder,1,0.254141,5,0,0
164,Whoopi_Goldberg,4,Lara_Logan,5,0.481847,5,1,0
165,Lubomir_Zaoralek,5,Aidan_Quinn,0,0.263030,5,0,0
166,Ilan_Ramon,0,Edgar_Savisaar,2,0.431906,5,0,0
167,Alexander_Payne,2,William_Bratton,0,0.089694,5,0,0
168,Dai_Bachtiar,1,Akbar_Al_Baker,2,0.220352,5,0,0
169,Caroline_Dhavernas,0,Lucy_Liu,1,0.220851,5,0,0
170,Liu_Mingkang,1,Theresa_Gattung,1,0.283940,5,0,0
171,Christine_Gregoire,2,Peter_Medgyessy,2,0.361993,5,0,0
172,Gary_Coleman,5,Cabas,0,0.389997,5,0,0
173,Gary_Condit,3,Paul_Bettany,2,0.486369,5,1,0
174,Kate_Capshaw,1,Todd_Haynes,1,0.561064,5,1,0
175,Paula_Zahn,0,Ted_Williams,2,0.364624,5,0,0
176,Thabo_Mbeki,5,Zahir_Shah,0,0.369715,5,0,0
177,Pascal_Lamy,4,Alexandre_Daigle,0,0.423288,5,0,0
178,Roger_Mahony,1,Jalal_Talabani,3,0.701421,5,1,1
179,Adrian_Annus,4,LK_Advani,5,0.288517,5,0,0
180,Laura_Schlessinger,2,Jack_Nicholson,4,0.482716,5,1,0
181,Laurence_Tribe,5,Cindy_Klassen,4,0.255293,5,0,0
182,Liu_Mingkang,1,Laurent_Gbagbo,4,0.282088,5,0,0
183,Elizabeth_Smart,2,Bartosz_Kizierowski,5,0.172982,5,0,0
184,Elizabeth_Pena,1,Wayne_Newton,4,0.321108,5,0,0
185,Hana_Sadiq,1,Alberto_Acosta,5,0.252026,5,0,0
186,Claudia_Schiffer,3,Manuel_Llorente,3,0.222523,5,0,0
187,Emmy_Rossum,4,Harald_Ringstorff,5,0.297028,5,0,0
188,Oprah_Winfrey,0,Adam_Sandler,0,0.350420,5,0,0
189,Eliza_Dushku,3,Tom_Glavine,2,0.406644,5,0,0
190,Omar_Vizquel,1,William_Overlin,2,0.624299,5,1,1
191,Richard_Rodriguez,3,Tina_Andrews,0,0.333295,5,0,0
192,Ahmed_Ahmed,4,Benazir_Bhutto,2,0.483492,5,1,0
193,Kemal_Dervis,0,Teresa_Graves,5,0.318198,5,0,0
194,S_Jayakumar,2,Paul_Kariya,5,0.226071,5,0,0
195,Olivia_Newton-John,4,Natasha_McElhone,4,0.399536,5,0,0
196,Vojislav_Seselj,4,Nuon_Chea,1,0.279652,5,0,0
197,Thomas_OBrien,3,Lili_Taylor,2,0.248389,5,0,0
198,Elva_Hsiao,3,Edward_Said,1,0.237412,5,0,0
199,Gavin_Degraw,3,Carlos_Iturgaitz,2,0.320852,5,0,0
200,Dave_Matthews,4,Victoria_Beckham,3,0.379094,5,0,0
201,Tom_Osborne,5,Paula_Abdul,5,0.388106,5,0,0
202,Bianca_Jagger,3,Costas_Simitis,0,0.172821,5,0,0
203,Jaap_de_Hoop_Scheffer,3,Clark_Randt,1,0.263597,5,0,0
204,Tim_Matheson,4,Nestor_Kirchner,4,0.532546,5,1,0
205,Alfredo_di_Stefano,5,Alyson_Hannigan,2,0.413369,5,0,0
206,Thaksin_Shinawatra,3,Caroline_Dhavernas,5,0.330127,5,0,0
207,Bill_Clinton,4,Adrian_Annus,4,0.329694,5,0,0
208,Lynn_Abraham,0,Lela_Rochon,0,0.327659,5,0,0
209,Allyson_Felix,2,Elvis_Stojko,1,0.378277,5,0,0
210,Andres_DAlessandro,5,Katja_Riemann,0,0.219192,5,0,0
211,Paul_Byrd,1,Raghad_Saddam_Hussein,1,0.142998,5,0,0
212,Chen_Shui-bian,4,Padraig_Harrington,0,0.186557,5,0,0
213,Ellen_Pompeo,4,Carlos_De_Abreu,5,0.285421,5,0,0
214,Zhang_Yimou,0,Nancy_Reagan,4,0.592724,5,1,0
215,Lene_Espersen,4,Frank_Griswold,1,0.120577,5,0,0
216,GL_Peiris,5,Patrice_Chereau,4,0.513812,5,1,0
217,Phil_McGraw,0,Vince_Dooley,0,0.379722,5,0,0
218,Queen_Rania,3,Danny_Glover,5,0.201594,5,0,0
219,Barbara_Bodine,2,Chris_Cookson,0,0.345231,5,0,0
220,Oleg_Romantsev,3,Angela_Mascia-Frye,3,0.284150,5,0,0
221,Kevin_Satterfield,2,Lew_Rywin,3,0.315523,5,0,0
222,Francis_George,0,Alejandro_Toledo,3,0.460163,5,1,0
223,Tim_Curley,1,Fernando_Henrique_Cardoso,0,0.610119,5,1,1
224,Tariq_Aziz,5,El_Hadji_Diouf,3,0.530885,5,1,0
225,Larry_Flynt,2,Carla_Sullivan,2,0.329982,5,0,0
226,Rick_Bragg,3,Chen_Shui-bian,4,0.514012,5,1,0
227,Andy_Lau,1,Amy_Brenneman,3,0.433405,5,0,0
228,Penelope_Ann_Miller,5,Wayne_Allard,2,0.244899,5,0,0
229,Lee_Byung-woong,5,Carmen_Electra,3,0.400180,5,0,0
230,Theresa_May,4,Keith_Tyson,2,0.452614,5,1,0
231,Nicolas_Massu,3,Maria_Callas,1,0.586728,5,1,0
232,Pete_Sampras,2,Alexander_Lukashenko,3,0.417874,5,0,0
233,Peter_Holmberg,0,Elsa_Zylberstein,0,0.170766,5,0,0
234,Edward_Flynn,0,Sanjay_Gupta,4,0.498726,5,1,0
235,Ernie_Grunfeld,2,Paul_Bremer,2,0.471504,5,1,0
236,Lubomir_Zaoralek,5,Matt_LeBlanc,3,0.551928,5,1,0
237,Eve_Ensler,5,Claudia_Pechstein,5,0.620037,5,1,1
238,Ray_Lewis,1,Marcelo_Ebrard,3,0.286062,5,0,0
239,Ibrahim_Jaafari,5,Kevin_Satterfield,1,0.294449,5,0,0
240,Sam_Torrance,1,Bill_Hughes,3,0.373985,5,0,0
241,Kim_Jong-Il,0,Terrence_Trammell,1,0.441995,5,0,0
242,Roger_Suarez,4,Katja_Riemann,1,0.451510,5,1,0
243,Beatriz_Merino,2,Gary_Williams,3,0.624232,5,1,1
244,Carlo_Ancelotti,3,Zahir_Shah,0,0.126092,5,0,0
245,Roberta_Combs,0,Nikki_Reed,3,0.252252,5,0,0
246,Alyson_Hannigan,2,Colin_Montgomerie,2,0.280991,5,0,0
247,Queen_Noor,1,Lena_Olin,0,0.406731,5,0,0
248,Erin_Hershey_Presley,1,Norman_Mailer,2,0.050086,5,0,0
249,Lee_Ann_Womack,3,Theo_Epstein,1,0.289262,5,0,0
250,Alberto_Fujimori,0,Raja_Zafar-ul-Haq,1,0.549753,5,1,0
251,Gary_Carter,1,Nursultan_Nazarbayev,3,0.485566,5,1,0
252,Benazir_Bhutto,2,Edie_Falco,5,0.307575,5,0,0
253,Carlos_Alberto_Parreira,1,Rick_Bragg,5,0.303738,5,0,0
254,Tom_Amstutz,2,Francis_Mer,1,0.333553,5,0,0
255,Maggie_Cheung,0,Luciano_Pavarotti,2,0.349916,5,0,0
256,Nursultan_Nazarbayev,3,Charlie_Zaa,2,0.398747,5,0,0
257,Peter_Caruana,1,Mark_Shapiro,1,0.375830,5,0,0
258,Eva_Mendes,5,Zahir_Shah,1,0.013441,5,0,0
259,Mark_Leno,1,Erin_Runnion,2,0.314789,5,0,0
260,Tom_Smothers,5,Frank_Murkowski,5,0.511533,5,1,0
261,Chen_Kaige,1,Leonid_Kuchma,4,0.520316,5,1,0
262,Halle_Berry,0,Oleg_Romantsev,3,0.526596,5,1,0
263,George_Foreman,0,Colleen_Atwood,5,0.327233,5,0,0
264,El_Hadji_Diouf,3,Zhang_Yimou,0,0.154590,5,0,0
265,Geno_Auriemma,4,Vladimiro_Montesinos,3,0.637978,5,1,1
266,Jan_Peter_Balkenende,1,S_Jayakumar,2,0.192911,5,0,0
267,Alex_King,2,Caroline_Dhavernas,0,0.209955,5,0,0
268,Lee_Tae-sik,1,Beyonce_Knowles,0,0.393298,4,0,0
269,Tom_Koenigs,3,Charlie_Hunnam,4,0.275142,5,0,0
270,Angela_Mascia-Frye,3,Louis_Van_Gaal,1,0.406631,5,0,0
271,Priyanka_Chopra,5,Teri_Garr,0,0.291789,5,0,0
272,Geraldine_Chaplin,4,Saparmurat_Niyazov,5,0.413541,5,0,0
273,Queen_Sofia,0,Tom_Curley,4,0.424117,5,0,0
274,Poala_Suarez,3,Andrew_Luster,1,0.420271,5,0,0
275,Eduardo_Duhalde,0,Walter_Mondale,5,0.461954,5,1,0
276,Bertrand_Delanoe,0,Win_Aung,3,0.655887,5,1,1
277,Christiane_Wulff,1,Terry_Bradshaw,1,0.325783,5,0,0
278,Ali_Abbas,2,George_Lopez,3,0.661273,5,1,1
279,Ivan_Shvedoff,0,James_Comey,3,0.487132,5,1,0
280,Elizabeth_Regan,3,Natasha_McElhone,5,0.577639,5,1,0
281,Takashi_Yamamoto,1,Claude_Jorda,0,0.548006,5,1,0
282,Anjum_Hussain,2,Phil_McGraw,0,0.704517,5,1,1
283,Marie-Josee_Croze,2,Paul_Murphy,1,0.209417,5,0,0
284,Lionel_Chalmers,0,Reese_Witherspoon,1,0.241662,5,0,0
285,Emily_Robison,5,Sally_Kirkland,2,0.371286,5,0,0
286,Flavia_Pennetta,5,Sarah_Wynter,0,0.322566,5,0,0
287,Angela_Bassett,3,Lena_Katina,4,0.428419,5,0,0
288,Regina_Ip,4,Larry_Ellison,5,0.305124,5,0,0
289,Franz_Fischler,5,Cristina_Saralegui,3,0.379035,5,0,0
290,Brian_Billick,1,Elgin_Baylor,0,0.469572,5,1,0
291,Patti_Smith,1,Frank_Abagnale_Jr,2,0.395034,5,0,0
292,Roberto_Marinho,2,Karin_Viard,1,0.432592,5,0,0
293,Pascal_Lamy,5,Tanya_Holyk,2,0.363999,5,0,0
294,Peter_OToole,1,Vojislav_Kostunica,4,0.384583,5,0,0
295,Zhang_Yimou,0,Edward_Norton,1,0.727752,5,1,1
296,Ray_Wasden,1,Compay_Segundo,1,0.228830,5,0,0
297,Rachel_Leigh_Cook,3,Bernard_Siegel,0,0.369401,5,0,0
298,Lela_Rochon,0,Aleksander_Kwasniewski,1,0.385877,5,0,0
299,Ben_Broussard,3,Francois_Pienaar,1,0.234759,5,0,0
300,Cindy_Crawford,0,Dale_Earnhardt,3,0.441083,5,0,0
301,Natasha_McElhone,4,Mario_Kreutzberger,2,0.481134,5,1,0
302,Emmanuel_Milingo,4,Madonna,5,0.305749,5,0,0
303,Carla_Sullivan,2,Lorraine_Bracco,0,0.598952,5,1,0
304,William_Bratton,1,Edmund_Stoiber,3,0.392438,5,0,0
305,Ben_Broussard,2,Jason_Campbell,2,0.531313,5,1,0
306,Nick_Markakis,3,Carly_Gullickson,3,0.308932,5,0,0
307,Sandra_Bullock,3,Wayne_Allard,5,0.209858,5,0,0
308,Reggie_Miller,2,James_Baker,2,0.369409,5,0,0
309,Luca_Cordero_di_Montezemolo,5,Alain_Ducasse,3,0.480500,5,1,0
310,Rick_Bragg,5,Andrea_Bocelli,3,0.486002,5,1,0
311,Franz_Fischler,5,Rick_Romley,0,0.574256,5,1,0
312,Charles_Grassley,1,Alfredo_Moreno,1,0.286817,5,0,0
313,Marcos_Milinkovic,0,Carlo_Ancelotti,3,0.252453,5,0,0
314,Nick_Reilly,4,Celine_Dion,3,0.186269,5,0,0
315,Jalen_Rose,5,Samantha_Daniels,4,0.359507,5,0,0
316,Kostya_Tszyu,1,Robert_Nardelli,3,0.408285,5,0,0
317,Pilar_Montenegro,2,Kevin_Keegan,0,0.367685,5,0,0
318,Ted_Turner,2,Jalal_Talabani,3,0.684931,5,1,1
319,Leo_Ramirez,5,Elena_Dementieva,2,0.437317,5,0,0
320,Tanya_Holyk,2,Jacques_Rogge,5,0.462099,5,1,0
321,Kathryn_Bigelow,0,Eva_Mendes,4,0.531174,3,1,0
322,Lima_Azimi,2,Ben_Kingsley,5,0.207809,5,0,0
323,Renato_Soru,2,Pervez_Musharraf,1,0.533610,5,1,0
324,Hamad_Bin_Isa_al-Khalifa,1,Elizabeth_Hurley,0,0.205368,1,0,0
325,Andrew_Luster,1,Ximena_Bohorquez,4,0.289468,5,0,0
326,Dave_Campo,2,Einars_Repse,4,0.715333,5,1,1
327,Peri_Gilpin,2,Abba_Eban,0,0.380721,5,0,0
328,Cate_Blanchett,4,Nicolas_Sarkozy,1,0.431614,5,0,0
329,Cameron_Diaz,2,Rodrigo_de_la_Cerna,3,0.449309,5,0,0
330,Adrianna_Zuzic,0,Ivan_Helguera,1,0.392913,5,0,0
331,Agbani_Darego,4,Chuck_Yeager,1,0.273052,5,0,0
332,Caroline_Kennedy,4,Vinnie_Jones,4,0.209735,5,0,0
333,Vojislav_Seselj,5,Andrea_De_Cruz,4,0.531973,5,1,0
334,Zulfiqar_Ahmed,4,Jack_Nicholson,4,0.503073,5,1,0
335,Li_Ka-shing,0,Marisa_Tomei,4,0.442431,5,0,0
336,Alexis_Dennisoff,5,Tommy_Amaker,5,0.142890,5,0,0
337,Richard_Haass,0,Alec_Baldwin,3,0.548827,5,1,0
338,Keira_Knightley,1,Larry_Lucchino,3,0.343401,5,0,0
339,Tina_Brown,2,Lenny_Kravitz,5,0.113102,5,0,0
340,George_Foreman,0,Phil_Bredesen,1,0.397683,5,0,0
341,Caroline_Dhavernas,5,Eva_Herzigova,2,0.355222,5,0,0
342,Pete_Carroll,3,Natasha_Lyonne,1,0.335919,5,0,0
343,Mark_Foley,4,Peter_Max,3,0.370536,5,0,0
344,Thomas_Manger,4,Carla_Gugino,5,0.321320,5,0,0
345,Li_Changchun,0,Edward_Burns,3,0.623665,5,1,1
346,Liane_Janda,4,Kathryn_Morris,1,0.414862,5,0,0
347,Gary_Locke,4,Larry_Nichols,1,0.415704,5,0,0
348,James_Coburn,1,Chick_Hearn,1,0.190841,5,0,0
349,Ben_Howland,1,Barry_Switzer,2,0.292022,5,0,0
350,Bernard_Landry,5,Vladimir_Spidla,0,0.311872,5,0,0
351,Orlando_Bloom,4,Amy_Brenneman,1,0.322673,5,0,0
352,Kim_Clijsters,5,Ion_Tiriac,5,0.266308,5,0,0
353,Allyson_Felix,2,Flavia_Pennetta,4,0.247907,5,0,0
354,Bill_Frist,2,Paul_Crane,1,0.408524,5,0,0
355,Choi_Sung-hong,4,Robert_Wiener,1,0.105871,5,0,0
356,Cabas,0,Ilie_Nastase,0,0.635084,5,1,1
357,Wolfgang_Schneiderhan,2,Evo_Morales,1,0.352507,5,0,0
358,Otto_Schily,5,Yasser_Arafat,0,0.290952,5,0,0
359,Phil_Gramm,3,Roberto_Benigni,0,0.363531,5,0,0
360,Claudette_Robinson,5,Eunice_Barber,1,0.323983,5,0,0
361,Imam_Samudra,0,Abdullah,1,0.308240,5,0,0
362,Pascal_Lamy,4,Roberta_Combs,0,0.357567,5,0,0
363,Charles_Schumer,3,Vincent_Gallo,0,0.568936,5,1,0
364,Ben_Kingsley,5,Walter_Annenberg,1,0.655086,5,1,1
365,James_Gandolfini,4,Kyra_Sedgwick,3,0.428830,5,0,0
366,Chris_Cooper,3,Jake_Plummer,5,0.427995,5,0,0
367,George_Lopez,2,Zhong_Nanshan,0,0.585072,5,1,0
368,Chris_Bell,2,Chris_Cooper,4,0.157106,5,0,0
369,Barbara_Boxer,4,Etta_James,4,0.504606,5,1,0
370,Mahmoud_Al_Zhar,0,Phan_Van_Khai,2,0.665710,5,1,1
371,Eunice_Barber,5,Dave_Barr,0,0.448021,5,0,0
372,Iain_Duncan_Smith,2,Laura_Elena_Harring,4,0.283603,5,0,0
373,Sasha_Alexander,3,Sasha_Cohen,5,0.537248,5,1,0
374,Sally_Ride,0,Gael_Garcia_Bermal,3,0.158851,5,0,0
375,Karen_Lynn_Gorney,0,Peter_Caruana,1,0.619878,5,1,1
376,Dan_Reeves,0,Franz_Beckenbauer,0,0.405130,5,0,0
377,Xanana_Gusmao,5,Emma_Nicholson,2,0.227606,5,0,0
378,Carlos_Menem,2,Abdullatif_Sener,1,0.631497,5,1,1
379,Cindy_Crawford,3,Carson_Palmer,2,0.545398,5,1,0
380,Mario_Dumont,2,Oscar_DLeon,0,0.427752,5,0,0
381,Kate_Winslet,0,Vinnie_Jones,4,0.569170,5,1,0
382,Ahmet_Necdet_Sezer,4,Lindy_Ruff,2,0.417205,5,0,0
383,Paul_Bettany,2,Laura_Bush,5,0.432336,5,0,0
384,Frances_Fisher,3,Carla_Sullivan,2,0.309129,5,0,0
385,George_P_Bush,1,Christy_Turlington,5,0.516424,5,1,0
386,Jack_Nicholson,4,Beatriz_Merino,1,0.387984,5,0,0
387,Elizabeth_Hurley,0,Laurent_Gbagbo,4,0.093077,5,0,0
388,Karin_Viard,3,Gary_Bettman,1,0.393759,5,0,0
389,Hama_Arba_Diallo,3,Christine_Todd_Whitman,5,0.563330,5,1,0
390,Randall_Terry,0,Carla_Gay_Balingit,3,0.583401,5,1,0
391,Imelda_Marcos,1,Tommy_Amaker,1,0.479578,5,1,0
392,Bill_Clinton,4,Charlotte_Church,3,0.275375,5,0,0
393,Chuck_Woolery,2,Peter_Hartz,2,0.207182,5,0,0
394,Ciro_Gomes,4,Zahir_Shah,1,0.387875,5,0,0
395,Lisa_Raymond,4,William_Delahunt,2,0.465739,5,1,0
396,Rachel_Corrie,0,Gene_Hackman,3,0.519936,5,1,0
397,Andrew_Firestone,1,Lou_Lang,2,0.242487,5,0,0
398,Eva_Dimas,2,Paula_Radcliffe,3,0.397370,5,0,0
399,Mark_Leno,2,Angela_Bassett,3,0.334654,5,0,0
400,Li_Ka-shing,0,Alex_Sink,5,0.320105,5,0,0
401,Filippo_Inzaghi,2,Angie_Arzola,4,0.380991,5,0,0
402,Lisa_Ling,2,Paul_Henderson,1,0.270866,5,0,0
403,Leuris_Pupo,2,Patricia_Russo,4,0.423401,5,0,0
404,Peter_Max,3,Luis_Guzman,0,0.518957,5,1,0
405,Lew_Rywin,3,Bill_Fennelly,0,0.518901,5,1,0
406,Mark_Cuban,3,Richard_Shelby,0,0.164295,5,0,0
407,Ellen_MacArthur,3,Tim_Howard,1,0.489830,5,1,0
408,Naomi_Campbell,1,Nancy_Reagan,3,0.612383,5,1,1
409,James_Brown,2,Fernando_Henrique_Cardoso,2,0.323837,5,0,0
410,Zeljko_Rebraca,1,Hank_Stram,4,0.409143,5,0,0
411,Andres_Manuel_Lopez_Obrador,1,Gerard_Depardieu,5,0.397437,5,0,0
412,Fernando_Sanz,5,Elvis_Presley,0,0.424157,5,0,0
413,Hama_Arba_Diallo,3,Barbara_Bodine,3,0.588120,5,1,0
414,Gary_Bettman,4,Robert_Wagner,3,0.471693,5,1,0
415,Penelope_Ann_Miller,0,Tim_Pawlenty,4,0.472788,5,1,0
416,Oscar_DLeon,5,James_Hoffa,4,0.395588,5,0,0
417,Carrie-Anne_Moss,0,Sam_Torrance,3,0.460213,5,1,0
418,Mark_Wahlberg,2,Jack_Nicholson,4,0.517062,5,1,0
419,Garry_Kasparov,2,Claudette_Robinson,5,0.277319,5,0,0
420,Yao_Ming,3,Makhdoom_Amin_Fahim,0,0.651095,5,1,1
421,Cesar_Gaviria,2,Chok_Tong_Goh,4,0.474910,5,1,0
422,Bill_Belichick,1,Mark_Leno,3,0.302553,5,0,0
423,Hanan_Ashrawi,2,Yao_Ming,3,0.486432,5,1,0
424,Chita_Rivera,1,Chris_Thomas,0,0.487451,5,1,0
425,Tom_Hanusik,0,Leandrinho_Barbosa,0,0.524153,5,1,0
426,Jackie_Sherrill,5,Sarah_Michelle_Gellar,4,0.042767,5,0,0
427,Lenny_Wilkens,3,Philippe_Gagnon,3,0.452459,5,1,0
428,Eladio_Larez,0,Nestor_Kirchner,4,0.620708,5,1,1
429,Lou_Lang,2,Costas_Simitis,0,0.441164,5,0,0
430,Lionel_Richie,2,Yoon_Jin-Sik,0,0.603091,5,1,1
431,Mario_Vasquez_Rana,0,Natalie_Coughlin,2,0.367672,5,0,0
432,Dai_Bachtiar,1,Peter_Mackay,4,0.572538,5,1,0
433,Alma_Powell,3,Richard_Branson,1,0.515236,5,1,0
434,Olympia_Dukakis,1,Bill_Clinton,4,0.496924,5,1,0
435,Barry_Alvarez,1,Wolfgang_Schuessel,5,0.272157,5,0,0
436,Leticia_Van_de_Putte,0,Mary-Kate_Olsen,5,0.301664,5,0,0
437,Ben_Kingsley,2,Ed_Smart,3,0.313228,5,0,0
438,Alanis_Morissette,1,Kostya_Tszyu,2,0.250928,5,0,0
439,Mario_Lobo_Zagallo,1,James_Carville,5,0.270517,5,0,0
440,Barbara_Boxer,1,James_Comey,3,0.465084,5,1,0
441,Geoff_Dixon,1,Bettina_Rheims,0,0.219436,5,0,0
442,Cesar_Gaviria,2,Alex_Zanardi,1,0.504993,5,1,0
443,Terry_Semel,2,Chanda_Rubin,5,0.717760,5,1,1
444,Pilar_Montenegro,0,Abdul_Rahman,1,0.529631,5,1,0
445,Emma_Thompson,3,Dave_Barr,0,0.309547,5,0,0
446,Camryn_Manheim,1,Zhang_Ziyi,1,0.495435,4,1,0
447,Franko_Simatovic,3,Carlos_Salinas,0,0.393895,5,0,0
448,Kyra_Sedgwick,3,Regina_Ip,0,0.386253,5,0,0
449,Camryn_Manheim,0,Mario_Cipollini,5,0.404527,5,0,0
450,Mary_Matalin,1,Patti_Smith,1,0.365488,5,0,0
451,Francis_George,0,Laura_Bush,4,0.419613,5,0,0
452,Eliott_Spitzer,3,Patricia_Medina,3,0.283772,5,0,0
453,Saddam_Hussein,0,Salman_Rushdie,3,0.361804,5,0,0
454,Andrew_Fastow,0,Natalia_Verbeke,5,0.331009,4,0,0
455,Louisa_Baileche,2,Alfonso_Cuaron,2,0.213157,5,0,0
456,James_Caan,2,Emilio_Azcarraga_Jean,1,0.300403,5,0,0
457,Andrew_Fastow,0,Iain_Duncan_Smith,2,0.273677,5,0,0
458,Yuri_Fedotov,4,Paul_Kariya,5,0.336814,5,0,0
459,Alfonso_Portillo,3,Inam-ul-Haq,3,0.407175,5,0,0
460,Ciaran_Hinds,5,Tammy_Lynn_Michaels,4,0.449140,5,0,0
461,Ralph_Klein,0,Claudio_Abbado,2,0.521532,5,1,0
462,Todd_Robbins,4,Zhang_Ziyi,1,0.369489,4,0,0
463,Francisco_Santos,2,Dale_Earnhardt_Jr,1,0.412820,5,0,0
464,Alexandre_Despatie,3,Gavin_Degraw,3,0.317369,5,0,0
465,Nikolay_Davydenko,3,Lucy_Liu,1,0.403908,5,0,0
466,Will_Self,4,Richard_Ward,5,0.456413,5,1,0
467,Itamar_Franco,2,Ali_Mohammed_Maher,4,0.302954,5,0,0
468,Carmen_Electra,3,Jada_Pinkett_Smith,1,0.336918,5,0,0
469,Vladimir_Meciar,0,Lee_Chang-dong,0,0.531539,5,1,0
470,Colin_Farrell,5,Mariah_Carey,4,0.505468,3,1,0
471,Na_Na_Keum,0,Erin_Hershey_Presley,4,0.481735,5,1,0
472,Larry_Eustachy,2,Anjum_Hussain,1,0.585010,5,1,0
473,Noel_Niell,4,Franco_Dragone,1,0.364480,5,0,0
474,BJ_Habibie,5,Gerald_Ford,2,0.297719,5,0,0
475,Leonardo_DiCaprio,5,Peter_Hillary,0,0.568947,5,1,0
476,Ted_Nolan,3,Lenny_Wilkens,3,0.220526,5,0,0
477,Alexandre_Herchcovitch,5,Tomas_Enge,5,0.433791,5,0,0
478,Eva_Dimas,2,Renato_Soru,2,0.385110,5,0,0
479,Sami_Al-Arian,5,Recep_Tayyip_Erdogan,2,0.280775,5,0,0
480,Martin_Sheen,3,Wayne_Gretzky,2,0.378620,5,0,0
481,Charley_Armey,1,Pharrell_Williams,0,0.554134,5,1,0
482,Caroline_Dhavernas,0,Andrew_Cuomo,3,0.046627,5,0,0
483,Jack_Nicholson,4,James_Wattana,1,0.388660,5,0,0
484,Scott_Blum,0,Leuris_Pupo,3,0.469108,5,1,0
485,Lenny_Wilkens,0,Wolfgang_Schuessel,2,0.241559,5,0,0
486,Natasa_Micic,5,Jacques_Chirac,5,0.208279,5,0,0
487,Ridley_Scott,1,Evo_Morales,0,0.286853,5,0,0
488,Alan_Dershowitz,1,Viara_Vike-Freiberga,2,0.526635,5,1,0
489,Matt_Damon,1,Jane_Fonda,4,0.501189,5,1,0
490,Zeng_Qinghong,0,Eric_Benet,0,0.343707,5,0,0
491,Phillipe_Comtois,2,Fidel_Castro,0,0.445402,5,0,0
492,Carlton_Dotson,1,Celine_Dion,3,0.419699,5,0,0
493,Chuck_Amato,2,Tino_Martinez,0,0.429718,5,0,0
494,Takashi_Yamamoto,1,Geoffrey_Davis,5,0.434970,5,0,0
495,Norodom_Chakrapong,5,Nikki_McKibbin,3,0.178187,5,0,0
496,Chris_Cooper,4,Tina_Andrews,0,0.144867,5,0,0
497,Jack_LaLanne,2,Mark_Wahlberg,2,0.554388,5,1,0
498,Dale_Earnhardt,3,Chanda_Rubin,5,0.822344,5,1,1
499,Alan_Dershowitz,2,Jaap_de_Hoop_Scheffer,3,0.312189,5,0,0
500,Odai_Hussein,5,Casy_Preslar,0,0.609819,5,1,1
501,Andres_Manuel_Lopez_Obrador,2,Gary_Barnett,1,0.555197,5,1,0
502,Natalia_Dmitrieva,5,Kim_Clijsters,5,0.532792,5,1,0
503,Carolina_Barco,4,Gene_Robinson,3,0.195365,5,0,0
504,Liu_Ye,5,Tabare_Vazquez,1,0.425828,5,0,0
505,Carroll_Weimer,2,Odai_Hussein,0,-0.012394,5,0,0
506,Laura_Romero,5,Mario_Vasquez_Rana,0,0.400903,5,0,0
507,Matt_Doherty,4,Chin-Feng_Chen,2,0.285032,5,0,0
508,Chris_Rock,2,George_Galloway,2,0.323344,5,0,0
509,Ian_McKellen,0,Matt_LeBlanc,0,0.335472,5,0,0
510,Elton_John,3,Craig_MacTavish,4,0.363849,5,0,0
511,Queen_Noor,5,Fred_Durst,5,0.373094,5,0,0
512,Mario_Vasquez_Rana,0,Rich_Brooks,0,0.462671,5,1,0
513,Christopher_Walken,4,Robin_McLaurin_Williams,0,0.229777,5,0,0
514,Alberto_Acosta,2,Barbara_Bodine,5,0.589800,5,1,0
515,Eric_Vigouroux,4,Rob_Morrow,4,0.463535,5,1,0
516,Porter_Goss,1,Regina_Ip,4,0.287328,5,0,0
517,Rachel_Corrie,3,Noel_Niell,4,0.559993,5,1,0
518,Maggie_Smith,5,Elizabeth_Shue,2,0.722397,5,1,1
519,Liane_Janda,1,Andy_Warhol,4,0.314059,5,0,0
520,Lee_Chang-dong,0,Kristen_Breitweiser,5,0.513377,5,1,0
521,Dan_Monson,2,Hans_Eichel,5,0.381758,5,0,0
522,Tom_Curley,4,Geoff_Hoon,4,0.643510,5,1,1
523,Catherine_Bell,0,Win_Aung,3,0.379273,5,0,0
524,Geoff_Hoon,4,Elizabeth_Berkeley,1,0.309297,5,0,0
525,Erin_Runnion,2,Leticia_Van_de_Putte,0,0.395559,5,0,0
526,Bernard_Siegel,0,Allison_Janney,0,0.539858,5,1,0
527,Pilar_Montenegro,1,Kurt_Warner,0,0.516076,5,1,0
528,Georgi_Parvanov,2,Paul_Crane,1,0.508594,5,1,0
529,Wolfgang_Schuessel,5,Chris_Klein,0,0.490855,5,1,0
530,Marina_Anissina,1,Gael_Garcia_Bermal,3,0.553536,5,1,0
531,Ben_Broussard,3,Jaromir_Jagr,4,0.189695,5,0,0
532,Daryl_Sabara,3,Paul_Murphy,1,0.559564,5,1,0
533,Allison_Janney,0,Felipe_De_Borbon,2,0.502186,5,1,0
534,Fidel_Castro_Daiz-Balart,1,Nick_Nolte,0,0.167740,5,0,0
535,Laura_Hernandez,0,Catriona_Le_May_Doan,4,0.197397,5,0,0
536,Jacqueline_Gold,2,Wu_Peng,1,0.273471,5,0,0
537,Alfredo_Moreno,0,Katja_Riemann,2,0.278427,5,0,0
538,Oxana_Fedorova,4,Courtney_Cox,5,0.539752,5,1,0
539,Fran_Drescher,3,Angel_Lockward,5,0.473432,5,1,0
540,Lew_Rywin,3,Xanana_Gusmao,1,0.383300,5,0,0
541,Carson_Daly,4,Bernard_Siegel,0,0.607377,5,1,1
542,Hans-Christian_Schmid,5,Osama_bin_Laden,5,0.336358,5,0,0
543,Cristina_Saralegui,5,Peter_Hartz,2,0.413399,5,0,0
544,Mario_Dumont,0,Alexander_Payne,2,0.218264,5,0,0
545,Cemil_Cicek,4,Tippi_Hedren,5,0.351598,5,0,0
546,Na_Na_Keum,0,Linda_Dano,5,0.553570,5,1,0
547,Mary_Matalin,2,Charles_Grassley,4,0.266125,5,0,0
548,Geoff_Dixon,1,Chris_Thomas,2,0.308074,5,0,0
549,Pedro_Duque,4,Hana_Sadiq,4,0.411945,5,0,0
550,Nawabzada_Nasrullah_Khan,1,Marc_Bulger,1,0.197186,5,0,0
551,Ahmad_Masood,3,Jafar_Umar_Thalib,0,0.455426,5,1,0
552,Kristin_Scott,4,Paul_Newman,2,0.167649,5,0,0
553,Pervez_Musharraf,4,Ludwig_Ovalle,1,0.440951,5,0,0
554,Tom_Harkin,4,Allyson_Felix,2,0.207374,5,0,0
555,Christopher_Reeve,4,Naomi_Campbell,1,0.626684,5,1,1
556,Takaloo,4,Elizabeth_Dole,3,0.228631,5,0,0
557,Thomas_Birmingham,0,Cameron_Diaz,2,0.516969,5,1,0
558,Leland_Chapman,4,Gary_Paer,2,0.324601,5,0,0
559,Kirk_Ferentz,1,Ted_Williams,2,0.332371,5,0,0
560,Mario_Kreutzberger,4,Zeng_Qinghong,0,0.629299,5,1,1
561,Viara_Vike-Freiberga,0,Tommy_Amaker,1,0.532352,5,1,0
562,Matt_LeBlanc,2,Daniel_Rouse,3,0.295458,5,0,0
563,Natalia_Dmitrieva,5,James_Hoffa,2,0.499608,5,1,0
564,Lindy_Ruff,2,Nelson_Acosta,4,0.550125,5,1,0
565,Sarah_Jessica_Parker,5,Yuvraj_Singh,0,0.411511,5,0,0
566,Connie_Chung,4,Ellen_Barkin,5,0.308235,5,0,0
567,Edie_Falco,4,Frank_Hsieh,4,0.395239,5,0,0
568,Ted_Turner,3,Tian_Liang,2,0.254618,5,0,0
569,Lynne_Cheney,1,Igor_Trunov,3,0.364083,5,0,0
570,Carlos_Salinas,2,Patrick_McEnroe,4,0.513316,5,1,0
571,Iain_Duncan_Smith,2,Zalmay_Khalilzad,5,0.452120,5,1,0
572,Alexandre_Herchcovitch,0,Flavia_Pennetta,4,0.447075,5,0,0
573,Lena_Olin,1,Robert_Wagner,3,0.358835,5,0,0
574,Darren_Clarke,2,Damon_Stoudamire,3,0.277490,5,0,0
575,Terry_Semel,2,Ethan_Hawke,0,0.347712,5,0,0
576,Pilar_Montenegro,1,Vincent_Gallo,0,0.536536,5,1,0
577,Allison_Janney,0,Sam_Rockwell,1,0.613799,5,1,1
578,Alvaro_Noboa,0,Bianca_Jagger,3,0.155604,5,0,0
579,Tom_Crean,2,Luciano_Pavarotti,0,0.593785,5,1,0
580,Abdul_Rahman,1,Nuon_Chea,1,0.458245,5,1,0
581,Robert_Blackwill,2,Luis_Guzman,0,0.236395,5,0,0
582,William_Joppy,1,Flavia_Delaroli,3,0.458188,5,1,0
583,Richard_Rodriguez,0,Amram_Mitzna,0,0.547936,5,1,0
584,Newt_Gingrich,0,Victoria_Beckham,3,0.074746,5,0,0
585,Kurt_Schottenheimer,5,Cindy_Klassen,4,0.219097,5,0,0
586,Maria_Soledad_Alvear_Valenzuela,4,Colin_Cowie,4,0.521955,5,1,0
587,Alex_Penelas,0,Abraham_Foxman,5,0.289086,5,0,0
588,Hamid_Reza_Asefi,2,Fernando_Valenzuela,2,0.445955,5,0,0
589,Catriona_Le_May_Doan,3,Marissa_Jaret_Winokur,3,0.134094,5,0,0
590,Conrad_Black,4,Carey_Lowell,0,0.469600,5,1,0
591,Valentina_Tereshkova,1,Linda_Sanchez,1,0.475274,5,1,0
592,Adriana_Lima,0,Vicente_Fox,3,0.404367,5,0,0
593,Pat_Riley,2,Saparmurat_Niyazov,2,0.419298,5,0,0
594,Philippe_Noiret,3,Regina_Ip,4,0.291612,5,0,0
595,Mary_Matalin,0,Gerald_Ford,2,0.617826,5,1,1
596,Sam_Mendes,0,Bernadette_Peters,0,0.362767,5,0,0
597,Luke_Walton,3,George_Harrison,1,0.352376,5,0,0
598,Eric_Clapton,2,James_Wolfensohn,5,0.287327,5,0,0
599,Will_Young,5,Erin_Hershey_Presley,3,0.458955,5,1,0
600,Paul_Krueger,4,Tom_Lantos,0,0.609867,5,1,1
601,Eric_Fehr,2,Robert_Ehrlich,5,0.445301,5,0,0
602,Elena_Dementieva,2,Andre_Agassi,5,0.356206,5,0,0
603,Gabriel_Valdes,3,Chris_Matthews,3,0.511459,5,1,0
604,Ted_Turner,5,Carlos_Alberto_Parreira,4,0.327824,5,0,0
605,Jacques_Rogge,5,Pierre_Png,1,0.416838,5,0,0
606,Cathy_Freeman,0,Lyle_Lovett,4,0.528873,5,1,0
607,Warren_Beatty,3,Peter_Medgyessy,4,0.513939,5,1,0
608,Thomas_Manger,4,Norman_Mailer,2,0.597328,5,1,0
609,Wolfgang_Clement,2,Ellen_Engleman,3,0.329835,5,0,0
610,Natalie_Imbruglia,2,Tia_Mowry,2,0.199612,5,0,0
611,Paola_Espinoza,2,Candie_Kung,3,0.143934,4,0,0
612,Patrick_Coleman,2,Nick_Nolte,0,0.187542,5,0,0
613,Gerald_Ford,2,Nadia_Petrova,4,0.221107,5,0,0
614,Taha_Yassin_Ramadan,0,Daniel_Bruehl,1,0.477829,5,1,0
615,Martha_Stewart,0,Leonard_Hamilton,3,0.606869,5,1,1
616,Catherine_Ndereba,3,Mary-Kate_Olsen,5,0.159969,5,0,0
617,Tom_McClintock,0,Akiko_Morigami,2,0.482065,5,1,0
618,Abbas_Kiarostami,0,Vojislav_Seselj,0,0.362799,5,0,0
619,Alfredo_Moreno,1,Larry_Donald,0,0.623474,5,1,1
620,Nigel_Redden,0,Amy_Redford,1,0.430254,5,0,0
621,Alecos_Markides,0,Filippo_Inzaghi,2,0.467933,5,1,0
622,Yolanda_King,5,Celine_Dion,3,0.441352,5,0,0
623,James_Coburn,1,James_Watt,1,0.339908,5,0,0
624,James_Franco,4,Baburam_Bhattari,3,0.488739,5,1,0
625,Carlos_De_Abreu,5,Clara_Harris,3,0.531154,5,1,0
626,Uday_Hussein,0,Eddie_Fenech_Adami,5,0.254319,5,0,0
627,Frank_Murkowski,5,Lisa_Marie_Presley,4,0.069693,5,0,0
628,Edward_Lu,0,Ellen_Engleman,3,0.182151,5,0,0
629,Chok_Tong_Goh,0,Eva_Marie_Saint,4,0.477750,5,1,0
630,Alejandro_Gonzalez_Inarritu,2,Rodrigo_Borja,5,0.511740,5,1,0
631,Yang_Jianli,0,Agbani_Darego,2,0.446043,5,0,0
632,Andrew_Cuomo,2,Biljana_Plavsic,1,0.461811,5,1,0
633,Pete_Sampras,2,Sananda_Maitreya,1,0.098101,5,0,0
634,Vince_Gill,0,Alfonso_Portillo,3,0.474986,5,1,0
635,Eladio_Larez,0,Nicolas_Massu,3,0.528843,5,1,0
636,Charles_Grassley,2,Marisa_Tomei,1,0.211007,5,0,0
637,Valentino_Rossi,5,Paul_Bettany,2,0.493410,5,1,0
638,Elgin_Baylor,0,Franz_Fischler,3,0.469255,5,1,0
639,Kirsten_Dunst,3,Franklin_Brown,0,0.501588,5,1,0
640,Ornella_Muti,0,Paula_Radcliffe,3,0.681123,5,1,1
641,Oprah_Winfrey,0,Maria_Wetterstrand,3,0.333187,5,0,0
642,Richard_Haass,1,Sami_Al-Arian,5,0.354680,5,0,0
643,Tessa_Jowell,4,Kristin_Chenoweth,2,0.519839,5,1,0
644,Frank_Wycheck,2,James_Gandolfini,4,0.506148,5,1,0
645,Elisha_Cuthbert,5,Edmund_Hillary,1,0.224966,5,0,0
646,Lisa_Marie_Presley,4,Amelia_Vega,4,0.517975,5,1,0
647,Orrin_Hatch,2,Natasha_Henstridge,3,0.392460,5,0,0
648,Elizabeth_Hill,0,Emily_Robison,5,0.418812,5,0,0
649,Richard_Ward,5,Anjum_Hussain,2,0.170798,5,0,0
650,Ben_Stein,3,Nia_Vardalos,1,0.276638,5,0,0
651,Ernesto_Zedillo,1,James_Kirtley,0,0.338753,5,0,0
652,Colin_Powell,5,Wolfgang_Becker,0,0.344515,5,0,0
653,Lynn_Redgrave,0,Daniela_Hantuchova,4,0.465791,5,1,0
654,Adrien_Brody,4,Dany_Heatley,3,0.151863,5,0,0
655,Walter_Mondale,5,William_Bratton,0,0.466878,5,1,0
656,Terry_McAuliffe,2,Peter_Lundgren,1,0.153294,5,0,0
657,Elijah_Wood,1,Oleg_Romantsev,3,0.439862,5,0,0
658,James_Phelps,3,Liu_Ye,2,0.470421,5,1,0
659,Eric_Fehr,2,Ivana_Trump,2,0.165824,5,0,0
660,Bertrand_Delanoe,2,Tom_Koenigs,3,0.541370,5,1,0
661,Dan_Guerrero,1,Jalen_Rose,5,0.369197,5,0,0
662,Alfredo_di_Stefano,0,Padraig_Harrington,0,0.158784,5,0,0
663,Agnes_Bruckner,4,Eric_Clapton,2,0.367982,5,0,0
664,Chick_Hearn,4,Craig_Fitzgibbon,1,0.294497,5,0,0
665,James_Meeks,0,Patricia_Hearst,0,0.482228,5,1,0
666,Nuon_Chea,1,Robert_McKee,2,0.383188,5,0,0
667,Woody_Allen,5,Manuel_Poggiali,1,0.424007,5,0,0
668,Christine_Todd_Whitman,2,Valerie_Harper,2,0.471712,5,1,0
669,Charles_Grassley,4,Tom_Hanks,4,0.441691,5,0,0
670,Clint_Howard,0,Nikki_McKibbin,5,0.559388,5,1,0
671,Alessandra_Cerna,0,Angela_Lansbury,0,0.305041,5,0,0
672,King_Abdullah_II,1,Cesar_Gaviria,2,0.401201,5,0,0
673,Tim_Curry,2,Cheryl_Hines,2,0.388579,5,0,0
674,Mark_Foley,4,Lin_Yung_Hsi,3,0.256012,5,0,0
675,Porter_Goss,1,Reese_Witherspoon,4,0.304987,5,0,0
676,Manuel_Pellegrini,1,Agbani_Darego,5,0.439276,5,0,0
677,Adoor_Gopalakarishnan,1,Ahmad_Masood,3,0.473654,5,1,0
678,Ahmed_Ahmed,5,Mario_Lobo_Zagallo,1,0.297589,5,0,0
679,Brian_Cashman,1,Bernard_Landry,2,0.635237,5,1,1
680,Connie_Chung,4,Prince_Harry,2,0.411794,5,0,0
681,Erin_Runnion,2,Kate_Capshaw,2,0.464637,5,1,0
682,Kenneth_Branagh,5,Lindsey_Graham,1,0.735628,5,1,1
683,Thabo_Mbeki,5,Edmund_Stoiber,1,0.350855,5,0,0
684,Robert_Ehrlich,0,Ridley_Scott,1,0.378608,5,0,0
685,Kenenisa_Bekele,3,James_McPherson,2,0.391672,5,0,0
686,Luis_Guzman,0,Amanda_Marsh,5,0.411981,5,0,0
687,Barbara_Walters,5,Mario_Cipollini,5,0.499531,5,1,0
688,Habib_Hisham,1,Parthiv_Patel,2,0.530189,5,1,0
689,Edward_Lu,0,Danny_Glover,3,0.425424,5,0,0
690,Ali_Fallahian,4,Angela_Lansbury,0,0.464580,5,1,0
691,Clark_Randt,1,Gary_Williams,3,0.331191,5,0,0
692,Paul_Schrader,5,Charlie_Hunnam,4,0.319899,5,0,0
693,Frank_Solich,3,Chris_Thomas,0,0.549700,5,1,0
694,Pascal_Quignard,0,Jane_Pauley,3,0.236050,5,0,0
695,William_Ford_Jr,0,Vin_Diesel,5,0.437374,5,0,0
696,Mario_Gallegos,4,Vojislav_Kostunica,1,0.451954,5,1,0
697,Bertie_Ahern,1,Leah_Remini,5,0.658555,5,1,1
698,Harald_Ringstorff,5,Peter_Max,3,0.332635,5,0,0
699,Alberto_Gonzales,3,Randy_Johnson,1,0.179742,5,0,0
700,Marc_Racicot,4,Edward_Burns,5,0.470017,5,1,0
701,Laura_Marlow,3,Colin_Campbell,4,0.295292,5,0,0
702,Yuvraj_Singh,0,Portia_de_Rossi,2,0.533447,5,1,0
703,Tino_Martinez,0,Angel_Lockward,4,0.350832,5,0,0
704,Chita_Rivera,1,James_Murdoch,5,0.224400,5,0,0
705,Gene_Keady,1,JK_Rowling,2,0.479791,5,1,0
706,Abdul_Rahman,1,Gael_Garcia_Bermal,4,0.563686,5,1,0
707,Wolfgang_Becker,0,Erskine_Bowles,0,0.348630,5,0,0
708,Bashar_Assad,2,Colin_Jackson,5,0.505917,5,1,0
709,Ornella_Muti,2,Omar_Sharif,4,0.400743,5,0,0
710,Alan_Dershowitz,2,Ben_Braun,2,0.177778,5,0,0
711,Pervez_Musharraf,4,Pete_Sampras,2,0.464010,5,1,0
712,Adrian_Annus,4,Francis_Mer,1,0.373386,5,0,0
713,Barry_Hinson,0,Tom_Ridge,5,0.425910,5,0,0
714,Nancy_Demme,4,Christopher_Matero,3,0.252453,5,0,0
715,Chanda_Rubin,5,Ernie_Fletcher,3,0.419694,5,0,0
716,Margaret_Thatcher,1,Charlotte_Casiraghi,0,0.538835,5,1,0
717,Laurence_Fishburne,4,Eva_Mendes,5,0.217515,5,0,0
718,Mahathir_Mohamad,2,Angie_Arzola,4,0.458481,5,1,0
719,Ellen_DeGeneres,5,Tom_Hanusik,0,0.599422,5,1,0
720,Pedro_Malan,0,Piotr_Anderszewski,3,0.377448,5,0,0
721,Brian_Cashman,1,Celine_Dion,0,0.594902,5,1,0
722,Karin_Viard,3,Halle_Berry,0,0.542972,5,1,0
723,Lee_Tae-sik,1,Hamid_Karzai,2,0.447393,5,0,0
724,Franklin_Brown,4,George_Allen,2,0.547435,5,1,0
725,Lynn_Redgrave,0,Gary_Stevens,1,0.494339,5,1,0
726,Geoff_Hoon,4,Francis_George,0,0.623886,5,1,1
727,George_Ryan,3,James_Gandolfini,4,0.417735,5,0,0
728,Jacky_Cheung,0,Carla_Gay_Balingit,3,0.453985,5,1,0
729,Takashi_Yamamoto,1,Yasushi_Akashi,3,0.605938,5,1,1
730,Tim_Matheson,5,Daniell_Sunjata,2,0.439266,5,0,0
731,Teri_Garr,4,Andrew_Wetzler,1,0.336611,5,0,0
732,Charles_Bronson,1,Randy_Ferbey,0,0.301870,5,0,0
733,Elvis_Stojko,1,Roberto_Marinho,2,0.622776,5,1,1
734,James_Kirtley,2,Angela_Bassett,4,0.396475,5,0,0
735,Lynn_Redgrave,0,Paul_Krueger,4,0.517644,5,1,0
736,Mark_Hanson,4,Teresa_Graves,5,0.421751,5,0,0
737,Ivana_Trump,5,Thomas_Gottschalk,2,0.301655,5,0,0
738,Calbert_Cheaney,0,Yolanda_King,5,0.016503,5,0,0
739,Sadie_Frost,1,Isabella_Rossellini,0,0.427918,5,0,0
740,Pak_Gil_Yon,0,Richard_Paul_Evans,4,0.564872,5,1,0
741,Laura_Flessel,0,Brennon_Leighton,0,0.323781,5,0,0
742,Emmy_Rossum,3,Ed_Smart,3,0.140120,5,0,0
743,James_Coburn,1,Janice_Abreu,0,0.205868,5,0,0
744,Iain_Duncan_Smith,5,Al_Sharpton,3,0.461906,5,1,0
745,Frank_Abagnale_Jr,2,Kristen_Breitweiser,0,0.405008,5,0,0
746,Val_Ackerman,0,Charles_Schumer,1,0.631342,5,1,1
747,Harvey_Weinstein,2,Lin_Yi-fu,2,0.411243,5,0,0
748,Idi_Amin,0,Luiz_Felipe_Scolari,3,0.349102,5,0,0
749,Tom_Izzo,5,Tessa_Jowell,3,0.329231,5,0,0
750,Andrew_Cuomo,2,Frank_Wycheck,2,0.439061,5,0,0
751,Al_Davis,0,Harvey_Weinstein,2,0.350453,5,0,0
752,Vince_Gill,0,Elizabeth_Pena,1,0.200675,5,0,0
753,Gerard_de_Cortanze,1,Oswaldo_Paya,0,0.422407,5,0,0
754,Edwin_Edwards,0,Ken_Watanabe,3,0.189537,5,0,0
755,Ricardo_Sanchez,3,Roberta_Combs,0,0.317048,5,0,0
756,Alberto_Fujimori,0,Victor_Garber,4,0.477490,5,1,0
757,Paula_Zahn,4,Laura_Bush,1,0.549905,5,1,0
758,Tian_Liang,1,Darryl_McDaniels,3,0.109715,5,0,0
759,Whoopi_Goldberg,0,Tia_Mowry,2,0.543656,5,1,0
760,Nick_Nolte,2,Colin_Farrell,5,0.270019,5,0,0
761,Craig_OClair,5,Linda_Lingle,2,0.392474,5,0,0
762,Samantha_Daniels,4,Marc_Anthony,5,0.281148,5,0,0
763,Jane_Leeves,0,Philippe_Noiret,5,0.564953,5,1,0
764,Carla_Gay_Balingit,3,Ibrahim_Jaafari,5,0.379791,5,0,0
765,Poala_Suarez,5,Chuck_Amato,2,0.371106,5,0,0
766,Pierre_Png,1,Paula_Dobriansky,2,0.298792,5,0,0
767,Gary_Marshall,0,Carlos_Bianchi,4,0.298590,5,0,0
768,Carlos_Alberto,0,Claudio_Ranieri,0,0.345591,5,0,0
769,Martin_Frost,2,Jane_Leeves,0,0.126592,5,0,0
770,Patti_Smith,1,James_Wolfensohn,2,0.253148,5,0,0
771,Malcolm_Jamal_Warner,1,Ray_Nagin,0,0.087259,5,0,0
772,Marc_Anthony,1,Fran_Drescher,2,0.332460,5,0,0
773,Gary_Williams,3,Lewis_Booth,2,0.522725,5,1,0
774,Adam_Ant,0,Mahima_Chaudhari,2,0.341701,4,0,0
775,Jamie_Dimon,4,Oxana_Fedorova,4,0.388820,5,0,0
776,Tammy_Lynn_Michaels,4,Marcelo_Ebrard,3,0.391606,5,0,0
777,Manuel_Poggiali,1,Christine_Ebersole,5,0.122436,5,0,0
778,Alec_Baldwin,0,Winona_Ryder,1,0.513048,5,1,0
779,Alejandro_Toledo,1,Eva_Dimas,2,0.582602,5,1,0
780,Christine_Todd_Whitman,5,Linda_Franklin,4,0.438389,5,0,0
781,Norman_Mineta,0,Martin_Frost,0,0.422747,5,0,0
782,Ernest_Hollings,2,Zeng_Qinghong,0,0.459343,5,1,0
783,Nikki_McKibbin,0,William_Macy,5,0.586442,5,1,0
784,Nona_Gaye,4,David_Brinkley,2,0.445196,5,0,0
785,Vicente_Fernandez,1,Robert_Ehrlich,1,0.654749,5,1,1
786,Alejandro_Toledo,3,Leuris_Pupo,3,0.547902,5,1,0
787,Bashar_Assad,1,Lee_Byung-woong,0,0.429450,5,0,0
788,Daniell_Sunjata,4,Victor_Garber,4,0.316067,5,0,0
789,Timothy_Goebel,5,Philip_Murtaugh,2,0.420793,5,0,0
790,Pio_Laghi,0,Charles_Bronson,0,0.280029,5,0,0
791,Amram_Mitzna,0,Patricia_Heaton,3,0.401564,5,0,0
792,Felicity_Huffman,3,Pervez_Musharraf,4,0.492762,5,1,0
793,Tia_Mowry,2,Francisco_Maturana,5,0.349981,5,0,0
794,Mary_Landrieu,0,T_Boone_Pickens,2,0.485366,5,1,0
795,Wayne_Newton,1,Kim_Gandy,3,0.439648,5,0,0
796,Robert_Wagner,3,Caroline_Kennedy,0,0.409820,5,0,0
797,Charlotte_Church,4,Timothy_Wirth,3,0.475780,5,1,0
798,Wolfgang_Becker,0,Sarah_Jessica_Parker,5,0.368995,5,0,0
799,Charles_Tannok,2,Paul_Celluci,4,0.569030,5,1,0
800,James_Cunningham,0,Li_Ka-shing,0,0.385224,5,0,0
801,Kellie_Greene,5,Mary_Matalin,2,0.360228,5,0,0
802,Lima_Azimi,2,Manuel_Pellegrini,3,0.420610,5,0,0
803,Abba_Eban,0,Zavad_Zarif,1,0.393445,5,0,0
804,Ray_Lewis,1,Saddam_Hussein,0,0.313235,5,0,0
805,Nestor_Santillan,5,Katharine_Hepburn,3,0.574451,5,1,0
806,Dany_Heatley,4,Maria_Shriver,4,0.269066,5,0,0
807,Fernando_Leon_de_Aranoa,0,Hank_McKinnell,4,0.263045,5,0,0
808,Mahmoud_Abbas,5,Hasan_Wirayuda,2,0.478702,5,1,0
809,Ali_Abbas,5,Betty_Williams,0,0.206265,5,0,0
810,Carmen_Electra,3,Chris_Cornell,5,0.392938,5,0,0
811,Aaron_Eckhart,0,Larry_Wilmore,5,0.419414,5,0,0
812,Catherine_Ndereba,3,Rita_Wilson,0,0.132113,5,0,0
813,Eva_Amurri,5,Benedita_da_Silva,2,0.403163,5,0,0
814,Barbara_Brezigar,2,James_Brazelton,4,0.445339,5,0,0
815,Katalin_Kollat,4,Queen_Rania,5,0.640232,5,1,1
816,Theresa_Gattung,1,William_Donaldson,1,0.387904,5,0,0
817,Robert_Schuller,2,Ben_Howland,1,0.435877,5,0,0
818,Darrell_Issa,0,Luiz_Inacio_Lula_da_Silva,2,0.205797,5,0,0
819,Pedro_Duque,4,Eduard_Limonov,3,0.651071,5,1,1
820,Adam_Ant,2,Abel_Pacheco,1,0.553747,5,1,0
821,Larenz_Tate,2,Terry_Bradshaw,2,0.561326,5,1,0
822,Andy_Griffith,0,Edward_Flynn,0,0.315312,5,0,0
823,Valentina_Cervi,3,Bill_Cartwright,2,0.292093,5,0,0
824,Jacques_Rogge,5,Frank_Solich,2,0.387307,5,0,0
825,Zarai_Toledo,1,Will_Self,4,0.610132,5,1,1
826,Andrew_Luster,1,Natasha_Lyonne,4,0.314887,5,0,0
827,Rita_Wilson,2,Christian_Lacroix,4,0.155215,5,0,0
828,Tom_Koenigs,4,Darla_Moore,1,0.447285,5,0,0
829,Kim_Jong-Il,0,Pio_Laghi,0,0.169275,5,0,0
830,Bartosz_Kizierowski,4,Bianca_Jagger,2,0.721244,5,1,1
831,Paula_Abdul,5,Val_Ackerman,0,0.301512,5,0,0
832,Laura_Bush,2,Gary_Williams,3,0.580884,5,1,0
833,Evan_Rachel_Wood,4,Richard_Lugar,1,0.242099,5,0,0
834,Olivia_Newton-John,4,Peter_Gilmour,1,0.433203,5,0,0
835,Roberto_Marinho,2,Franz_Beckenbauer,0,0.288817,5,0,0
836,Warren_Beatty,3,Janis_Ruth_Coulter,0,0.411951,5,0,0
837,Elijah_Wood,1,Maria_Shriver,0,0.278629,5,0,0
838,Elisha_Cuthbert,1,Mario_Cipollini,5,0.164870,5,0,0
839,Adoor_Gopalakarishnan,1,Jaap_de_Hoop_Scheffer,3,0.285577,5,0,0
840,Jane_Fonda,4,Patrice_Chereau,4,0.389913,5,0,0
841,Nona_Gaye,1,Takeo_Hiranuma,1,0.289679,5,0,0
842,Yossi_Beilin,2,Andy_Warhol,4,0.339438,5,0,0
843,Adriana_Lima,0,Eric_Idle,0,0.336250,5,0,0
844,Amy_Redford,2,Kathryn_Bigelow,0,0.518223,5,1,0
845,Rafael_Bielsa,4,Tina_Fey,5,0.404775,5,0,0
846,Thomas_Manger,4,Keith_Olbermann,5,0.591988,5,1,0
847,Nick_Rimando,1,Pio_Laghi,3,0.403402,5,0,0
848,Barry_Alvarez,0,Gary_Bauer,0,0.242036,5,0,0
849,Chris_Bell,2,Nick_Markakis,3,0.342298,5,0,0
850,Paul_Sarbanes,0,Raoul_Ruiz,5,0.321272,5,0,0
851,Theo_Epstein,1,Leah_Remini,5,0.520693,5,1,0
852,Elizabeth_Regan,3,Barry_Zito,2,0.186533,5,0,0
853,Liane_Janda,1,Phillipe_Comtois,2,0.474032,5,1,0
854,Sally_Field,0,Vincent_Sombrotto,0,0.402161,5,0,0
855,Adrian_Annus,4,Tim_Howard,3,0.230417,5,0,0
856,Adisai_Bodharamik,0,Christian_Gimenez,1,0.614205,5,1,1
857,Nancy_Sinatra,4,Matt_Anderson,1,0.197397,5,0,0
858,James_Brazelton,5,Caroline_Kennedy,0,0.388035,5,0,0
859,Yukio_Hatoyama,3,Alberto_Gonzales,3,0.359298,5,0,0
860,Etta_James,4,Nanni_Moretti,2,0.318653,5,0,0
861,Tina_Brown,5,Paul_Bremer,0,0.454020,5,1,0
862,Mariah_Carey,4,Lin_Yi-fu,2,0.133593,5,0,0
863,Mario_Cipollini,1,Pascal_Quignard,0,0.277163,5,0,0
864,Chris_Cooper,0,Emily_Robison,5,0.507458,5,1,0
865,Edward_Burns,1,Vincent_Gallo,0,0.686639,5,1,1
866,Adrian_Annus,4,Elizabeth_Regan,3,0.330652,5,0,0
867,Jackie_Chan,2,James_Wattana,1,0.396056,5,0,0
868,Alex_Cejka,3,Oliver_Phelps,0,0.269977,5,0,0
869,George_Foreman,0,Ellen_Pompeo,4,0.168867,5,0,0
870,Esther_Macklin,5,Anibal_Ibarra,5,0.549292,5,1,0
871,Mario_Lobo_Zagallo,1,Sandra_Day_OConner,0,0.314793,5,0,0
872,Eddie_Lewis,0,Mary_Robinson,5,0.206420,5,0,0
873,Andrew_Wetzler,1,Liu_Mingkang,1,0.390921,5,0,0
874,Georgi_Parvanov,2,Barry_Zito,2,0.373072,5,0,0
875,Jaime_Pressly,2,Dalai_Lama,3,0.258493,5,0,0
876,Vin_Diesel,5,Priscilla_Presley,5,0.424687,5,0,0
877,Jafar_Umar_Thalib,5,Paula_Radcliffe,2,0.606910,5,1,1
878,Valerie_Harper,2,Nora_Ephron,1,0.182806,5,0,0
879,Abdullah_Ahmad_Badawi,3,Kieran_Culkin,0,0.501856,5,1,0
880,Nikki_Cascone,0,Ian_Thorpe,5,0.263952,5,0,0
881,Aaron_Guiel,5,William_Rehnquist,0,0.212928,5,0,0
882,Bill_Frist,2,Daniel_Bruehl,1,0.386784,5,0,0
883,Kyra_Sedgwick,3,Marcelo_Ebrard,0,0.500803,5,1,0
884,Tina_Andrews,0,Fazal-ur-Rehman,5,0.195426,5,0,0
885,Edwin_Edwards,1,Nabil_Shaath,0,0.500513,5,1,0
886,Linda_Mason,4,Warren_Beatty,5,0.300867,5,0,0
887,Bernadette_Peters,0,Mark_Foley,5,0.114064,5,0,0
888,Jason_Biggs,2,Angela_Mascia-Frye,3,0.572511,5,1,0
889,Laurence_Fishburne,2,Roger_Suarez,4,0.498535,5,1,0
890,Francis_Mer,1,Eric_Clapton,2,0.356467,5,0,0
891,Thomas_Ferguson,2,Viara_Vike-Freiberga,2,0.382325,5,0,0
892,Liam_Neeson,4,Ethan_Hawke,0,0.336430,5,0,0
893,Dan_Dickau,2,Celso_Amorim,1,0.432578,5,0,0
894,Brennon_Leighton,0,Christian_Lacroix,4,0.609697,5,1,1
895,Gary_Stevens,1,Kenneth_Carlsen,4,0.313156,5,0,0
896,Yossi_Beilin,3,Daniel_Scioli,2,0.440676,5,0,0
897,Lisa_Marie_Presley,0,Eric_Vigouroux,4,0.600052,5,1,1
898,Chris_Cooper,3,Tara_Reid,0,0.392341,5,0,0
899,Daryl_Sabara,0,Gerald_Ford,1,0.618215,5,1,1
900,Timothy_Wirth,4,Ellen_Pompeo,4,0.271554,5,0,0
901,Mary-Kate_Olsen,5,Alicia_Witt,5,0.547953,5,1,0
902,Chuck_Yeager,1,Alec_Baldwin,3,0.319642,5,0,0
903,Oprah_Winfrey,0,Warren_Buffett,0,0.274517,5,0,0
904,Lisa_Leslie,3,Bill_Bradley,1,0.509351,5,1,0
905,Adoor_Gopalakarishnan,1,Anders_Ebbeson,4,0.280921,5,0,0
906,Cristina_Fernandez,4,Katja_Riemann,2,0.294716,5,0,0
907,Raja_Zafar-ul-Haq,0,Richard_Lugar,5,0.365868,5,0,0
908,Paul_Reiser,0,Enrique_Bolanos,4,0.183692,5,0,0
909,Andreas_Vinciguerra,5,Crispin_Glover,3,0.305888,5,0,0
910,Ben_Lee,2,Habib_Rizieq,0,0.374677,5,0,0
911,Lionel_Chalmers,0,Allison_Janney,0,0.146760,5,0,0
912,Tom_Osborne,3,Jason_Campbell,2,0.414382,5,0,0
913,James_Watt,1,Takeshi_Kitano,5,0.289377,5,0,0
914,Ion_Tiriac,0,Darryl_McDaniels,3,0.482930,5,1,0
915,Fazal-ur-Rehman,5,Leonardo_DiCaprio,5,0.345721,5,0,0
916,Pierre_Pettigrew,0,Prince_Felipe,4,0.357464,5,0,0
917,Marina_Anissina,1,Kim_Jong-Il,0,0.393559,5,0,0
918,Beatrice_Dalle,5,Fatmir_Limaj,3,0.536644,5,1,0
919,Kyle_Shewfelt,1,Dai_Bachtiar,0,0.559476,5,1,0
920,James_Watt,1,Tino_Martinez,1,0.328269,5,0,0
921,Noah_Wyle,1,Mahima_Chaudhari,2,0.410148,4,0,0
922,Jane_Leeves,0,Estelle_Morris,1,0.414286,5,0,0
923,Geoff_Hoon,3,Pervez_Musharraf,1,0.740165,5,1,1
924,Zydrunas_Ilgauskas,1,Felicity_Huffman,5,0.502179,5,1,0
925,Natasa_Micic,0,Itzhak_Perlman,1,0.116893,5,0,0
926,Bianca_Jagger,4,Ellen_MacArthur,3,0.494876,5,1,0
927,Erin_Brockovich,0,Nestor_Gonzalez,1,0.430403,5,0,0
928,Paul_Bettany,2,Jane_Leeves,0,0.664110,5,1,1
929,Cindy_Klassen,3,Elena_de_Chavez,0,0.491166,5,1,0
930,Paula_Radcliffe,3,Albert_Brooks,3,0.401652,5,0,0
931,Pamela_Melroy,1,Charles_Tannok,2,0.517380,5,1,0
932,Nikki_McKibbin,0,Garry_Kasparov,3,0.302146,5,0,0
933,Alex_Sink,4,Ben_Broussard,2,0.521596,5,1,0
934,Peter_Greenaway,0,David_Canary,4,0.423768,5,0,0
935,Aaron_Eckhart,2,Habib_Rizieq,0,0.519722,5,1,0
936,Catherine_Bell,0,Harald_Ringstorff,5,0.355921,5,0,0
937,Amram_Mitzna,0,Akiko_Morigami,1,0.482743,5,1,0
938,Zavad_Zarif,1,Camryn_Manheim,0,0.391547,5,0,0
939,James_Carville,5,Tiago_Splitter,0,0.192506,5,0,0
940,Hanan_Ashrawi,3,Franz_Fischler,3,0.368775,5,0,0
941,Chris_Cooper,3,Valeri_Bure,2,0.391272,5,0,0
942,Rick_Romley,0,Gene_Robinson,5,0.408273,5,0,0
943,Oxana_Fedorova,4,Terrence_Trammell,1,0.400016,5,0,0
944,Saied_Hadi_al_Mudarissi,1,Paul_Wolfowitz,1,0.366167,5,0,0
945,Gabriel_Valdes,3,Vanessa_Laine,2,0.313690,5,0,0
946,Claire_Danes,3,Uzi_Landau,5,0.654825,5,1,1
947,Yu_Shyi-kun,1,Pat_Riley,2,0.502152,5,1,0
948,Peter_Hartz,2,Geno_Auriemma,2,0.142075,5,0,0
949,Mariah_Carey,4,Charles_Mathews,0,0.238323,5,0,0
950,Eli_Rosenbaum,2,Ian_Wilmut,4,0.168507,5,0,0
951,Ray_Romano,2,Begum_Khaleda_Zia,3,0.430395,5,0,0
952,Adisai_Bodharamik,0,Eric_Wedge,2,0.381827,5,0,0
953,Terje_Roed-Larsen,2,Andrew_Fastow,0,0.264112,5,0,0
954,Cabas,0,Tom_Hanks,3,0.331815,5,0,0
955,Jan_Peter_Balkenende,3,Lee_Ann_Womack,3,0.507120,5,1,0
956,Kit_Bond,5,Margaret_Thatcher,4,0.327104,5,0,0
957,Nona_Gaye,1,James_Cunningham,3,0.318007,5,0,0
958,Paul_Crane,5,Rob_Morrow,3,0.467678,5,1,0
959,Chris_Tucker,0,Li_Changchun,0,0.368337,5,0,0
960,Francois_Ozon,4,Akbar_Al_Baker,5,0.425311,5,0,0
961,Bill_Hughes,3,Angela_Bassett,2,0.274484,5,0,0
962,James_Cunningham,0,Chris_Noth,3,0.348993,5,0,0
963,Benazir_Bhutto,4,Hank_Stram,3,0.628391,5,1,1
964,Laura_Linney,0,Robert_Ehrlich,5,0.359003,5,0,0
965,Lauren_Hutton,0,Chris_Cookson,0,0.314429,5,0,0
966,Habib_Hisham,1,Daniel_Bruehl,2,0.375687,5,0,0
967,Thabo_Mbeki,5,Olivier_Boulay,0,0.449750,5,0,0
968,Frank_Hsieh,4,Eli_Broad,1,0.450035,5,1,0
969,Jaouad_Gharib,3,Patricia_Russo,4,0.468137,5,1,0
970,Alyson_Hannigan,2,JK_Rowling,5,0.544554,5,1,0
971,Beatrice_Dalle,5,Francois_Ozon,4,0.296311,5,0,0
972,Bernard_Siegel,0,Alan_Ball,0,0.281728,5,0,0
973,Reggie_Miller,2,Francis_Mer,1,0.325903,5,0,0
974,Carla_Tricoli,2,Gael_Garcia_Bermal,4,0.544101,5,1,0
975,Manuel_Rosendo,5,Rodrigo_de_la_Cerna,3,0.540428,5,1,0
976,Richard_Cohen,2,Nina_Pecari,1,0.486405,5,1,0
977,Jalen_Rose,5,James_Sensenbrenner,0,0.272728,5,0,0
978,Leonard_Hamilton,3,Alfred_Sant,2,0.332926,5,0,0
979,Liu_Mingkang,0,Eric_Rosser,1,0.363344,5,0,0
980,Paola_Espinoza,2,Anders_Ebbeson,4,0.366530,5,0,0
981,Barry_Williams,2,Salman_Rushdie,3,0.421630,5,0,0
982,William_Macy,3,Paula_Abdul,5,0.241963,5,0,0
983,Jane_Fonda,4,Nancy_Reagan,4,0.584119,5,1,0
984,Patrick_Coleman,2,Elena_Bereznaya,4,0.288190,5,0,0
985,Anjum_Hussain,1,Jason_Campbell,2,0.489344,5,1,0
986,Carlos_Moya,3,William_McDonough,2,0.310037,5,0,0
987,Christine_Ebersole,0,Dany_Heatley,3,0.215921,5,0,0
988,Alexis_Bledel,1,Larry_Donald,0,0.488396,5,1,0
989,Damon_Stoudamire,0,Rachel_Corrie,3,0.260752,5,0,0
990,Geoffrey_Davis,5,Tommy_Amaker,1,0.448214,5,0,0
991,Jane_Krakowski,4,Orlando_Bloom,4,0.477054,5,1,0
992,Eva_Mendes,5,Nabil_Shaath,0,0.144799,5,0,0
993,Thomas_Birmingham,0,Priyanka_Chopra,1,0.319650,5,0,0
994,Kofi_Annan,2,Cherie_Blair,0,0.057148,5,0,0
995,Brennon_Leighton,0,Padraig_Harrington,0,0.165486,5,0,0
996,Nia_Vardalos,5,Hashim_Thaci,0,0.554801,5,1,0
997,James_Wattana,3,Robert_Nardelli,4,0.641334,5,1,1
998,Phil_Gramm,1,Lucio_Stanca,1,0.223878,5,0,0
