pair_id,label,score
0,1,0.307257
1,1,0.479881
2,1,0.254111
3,1,0.310077
4,0,0.099051
5,1,0.416220
6,1,0.323723
7,0,0.152882
8,0,0.211395
9,1,0.556572
10,1,0.333039
11,1,0.627924
12,1,0.311464
13,0,-0.004661
14,1,0.711782
15,0,0.261638
16,0,0.061332
17,0,0.142392
18,1,0.263105
19,0,0.056443
20,1,0.174396
21,1,0.545698
22,1,0.299495
23,0,0.356535
24,1,0.343704
25,0,0.056302
26,0,0.038613
27,1,0.364083
28,1,0.395164
29,0,0.169958
30,0,0.132165
31,1,0.224593
32,0,-0.012007
33,1,0.540364
34,1,0.384555
35,1,0.297570
36,1,0.195541
37,1,0.471040
38,1,0.260250
39,1,0.322880
40,0,0.249956
41,1,0.354746
42,0,0.096258
43,0,0.086347
44,0,0.083209
45,0,0.180619
46,0,0.185298
47,0,0.173134
48,0,0.358512
49,1,0.210432
50,1,0.075444
51,1,0.438133
52,0,0.138861
53,0,0.204492
54,0,0.337260
55,0,0.234981
56,1,0.111687
57,0,0.392365
58,0,0.235445
59,0,0.066136
60,0,0.030009
61,0,0.268263
62,0,0.213274
63,1,0.476785
64,1,0.107779
65,1,0.407484
66,1,0.357557
67,1,0.325351
68,0,0.047318
69,0,0.091855
70,0,0.188101
71,1,0.418697
72,1,0.317712
73,1,0.410513
74,1,0.431622
75,1,0.395584
76,0,0.342357
77,1,0.349298
78,0,0.145586
79,1,0.250705
80,0,0.214330
81,0,0.133288
82,0,0.321782
83,1,0.180856
84,1,0.412133
85,0,0.245721
86,1,0.423766
87,0,0.214536
88,1,0.525640
89,1,0.384826
90,0,0.361264
91,1,0.134649
92,0,0.302586
93,0,0.207054
94,1,0.383523
95,1,0.345250
96,1,0.387864
97,1,0.345733
98,0,0.247343
99,0,0.279854
100,1,0.210380
101,1,0.396892
102,1,0.569235
103,1,0.298936
104,1,0.518770
105,0,0.226043
106,0,0.249767
107,0,0.250689
108,1,0.391523
109,0,0.259930
110,0,0.262645
111,1,0.283021
112,0,0.276317
113,0,0.221058
114,1,0.370576
115,0,0.175136
116,1,0.580053
117,1,0.354479
118,0,0.233124
119,1,0.381815
120,1,0.245418
121,0,0.196902
122,1,0.466048
123,1,0.726490
124,1,0.474521
125,1,0.326218
126,1,0.569803
127,0,0.091115
128,0,0.136513
129,0,0.109931
130,1,0.383305
131,1,0.385978
132,0,0.136347
133,0,0.200409
134,1,0.258455
135,0,0.201005
136,1,0.369624
137,0,0.258096
138,0,-0.012024
139,1,-0.004564
140,1,0.333660
141,0,0.203144
142,1,0.595830
143,1,0.290767
144,0,0.068648
145,0,0.099499
146,1,0.542509
147,0,0.416134
148,1,0.275902
149,1,0.225435
150,0,0.322308
151,0,-0.041250
152,1,0.483642
153,1,0.297142
154,1,0.319624
155,0,0.260514
156,1,0.390085
157,0,0.329165
158,1,0.269619
159,1,0.355676
160,1,0.280440
161,0,0.210400
162,1,0.223489
163,0,0.163832
164,1,0.246919
165,0,0.363922
166,1,0.319138
167,1,0.328316
168,1,0.511481
169,1,0.545867
170,1,0.061340
171,0,0.113652
172,0,0.264088
173,1,0.283997
174,1,0.361939
175,0,0.134102
176,0,0.125587
177,1,0.263819
178,1,0.239730
179,0,0.266734
180,0,0.081441
181,1,0.289558
182,0,0.129545
183,1,0.299453
184,1,0.349298
185,0,0.214872
186,0,0.212879
187,1,0.283021
188,0,0.335336
189,0,0.275950
190,0,0.097684
191,1,0.507976
192,1,0.382603
193,1,0.323703
194,1,0.327099
195,0,0.181889
196,0,0.176951
197,0,0.157078
198,0,0.059650
199,0,0.135369
200,1,0.488297
201,0,0.141606
202,1,0.225732
203,0,0.026427
204,0,0.211953
205,0,0.098971
206,0,0.243815
207,0,0.171937
208,1,0.267440
209,1,0.362444
210,1,0.599273
211,0,0.177774
212,0,0.248393
213,0,0.154838
214,1,0.075444
215,1,0.545771
216,1,0.319685
217,1,0.529079
218,1,0.262675
219,0,0.135842
220,1,0.237771
221,1,0.353252
222,1,0.479868
223,1,0.313642
224,1,0.204517
225,0,0.158228
226,1,0.314975
227,0,0.327132
228,1,0.265696
229,1,0.654264
230,1,0.134869
231,0,0.099818
232,0,0.128363
233,1,0.403140
234,1,0.322082
235,1,0.203948
236,1,0.229773
237,0,0.277689
238,0,0.275705
239,1,0.421156
240,0,0.063146
241,0,0.274245
242,0,0.167275
243,0,0.280810
244,0,0.142586
245,0,0.387176
246,1,0.383523
247,0,0.150547
248,1,0.453307
249,0,0.410032
250,0,0.182107
251,1,0.276375
252,1,0.352218
253,0,0.312728
254,1,0.277440
255,0,-0.031113
256,1,0.541485
257,0,0.108813
258,0,0.004453
259,0,0.191010
260,0,-0.030891
261,1,0.314984
262,0,0.173776
263,0,0.084621
264,1,0.366523
265,1,0.321381
266,1,0.354151
267,1,0.544401
268,0,0.113880
269,0,0.126610
270,0,0.214810
271,1,0.326334
272,1,0.350652
273,1,0.395385
274,0,0.181331
275,1,0.557525
276,1,0.202249
277,1,0.360037
278,0,0.151767
279,1,0.141606
280,0,0.114621
281,0,0.276350
282,1,0.347628
283,0,0.267652
284,1,0.277487
285,1,0.495918
286,0,0.348636
287,1,0.296421
288,1,0.496962
289,0,0.129078
290,0,0.164383
291,1,0.459790
292,0,0.174152
293,1,0.096944
294,0,0.350810
295,1,0.329698
296,0,0.173869
297,0,0.063990
298,1,0.308377
299,0,0.290490
300,0,0.189305
301,0,0.165413
302,1,0.395949
303,0,0.107816
304,1,0.402910
305,0,0.325384
306,1,0.665190
307,1,0.605575
308,1,0.375302
309,1,0.353360
310,0,0.130711
311,0,0.276884
312,0,0.322847
313,1,0.412133
314,1,0.300562
315,1,0.372200
316,1,0.247715
317,1,0.643134
318,0,0.067250
319,0,0.174305
320,1,0.376852
321,0,0.065488
322,0,0.172286
323,1,0.294535
324,1,0.250105
325,0,0.168243
326,1,0.293376
327,0,0.200726
328,1,0.383894
329,1,0.287989
330,1,0.262675
331,0,0.096468
332,1,0.496092
333,0,0.268550
334,0,0.055867
335,1,0.563484
336,1,0.136485
337,1,0.232238
338,1,0.486693
339,1,0.433220
340,0,0.132260
341,0,0.105164
342,0,0.227527
343,0,0.159740
344,1,0.384555
345,1,0.269383
346,1,0.383894
347,0,0.072946
348,0,0.199497
349,1,0.143911
350,0,0.125138
351,0,0.378672
352,0,0.103177
353,0,0.285117
354,0,0.365242
355,0,0.354015
356,1,0.107941
357,1,0.352498
358,1,0.462074
359,0,0.362335
360,0,0.320464
361,1,0.332525
362,1,0.296421
363,0,0.154418
364,0,0.252049
365,0,0.220783
366,0,0.196461
367,0,0.079183
368,0,0.131794
369,1,0.229904
370,1,0.464153
371,1,0.338517
372,1,0.600942
373,0,0.411948
374,0,0.335883
375,1,0.302800
376,1,0.382603
377,1,0.108928
378,0,0.207407
379,1,0.464963
380,0,0.225974
381,0,0.131676
382,1,0.209372
383,0,0.274659
384,0,0.037559
385,1,0.257063
386,0,0.119770
387,1,0.433220
388,0,0.182133
389,1,0.281854
390,1,0.416003
391,0,0.133066
392,1,0.480614
393,1,0.210432
394,1,0.494431
395,1,0.488297
396,1,0.644872
397,1,0.338517
398,1,0.291531
399,0,0.101645
400,1,0.305657
401,0,0.281791
402,1,0.485881
403,0,0.061218
404,1,0.402201
405,1,0.277867
406,0,0.252181
407,1,0.435187
408,1,0.478533
409,0,0.303831
410,1,0.454980
411,0,0.191383
412,1,0.314975
413,1,0.581229
414,0,0.172604
415,1,0.154657
416,1,0.375920
417,0,-0.014007
418,1,0.137534
419,1,0.117683
420,0,0.247779
421,1,0.724673
422,0,0.252050
423,1,0.684397
424,1,0.499687
425,1,0.354151
426,1,0.118003
427,0,0.178232
428,0,0.378742
429,0,0.223305
430,0,0.111838
431,1,0.436713
432,1,0.383092
433,1,0.147968
434,0,0.264351
435,0,0.365151
436,1,0.475646
437,0,0.315577
438,0,0.230469
439,1,0.479868
440,1,0.181123
441,0,0.120214
442,1,0.264043
443,1,0.184895
444,0,0.258125
445,0,0.389522
446,1,0.259465
447,1,0.486402
448,1,0.137015
449,1,0.266756
450,1,0.367477
451,0,0.334278
452,1,0.557392
453,0,0.143439
454,1,0.383894
455,0,0.067753
456,0,0.214045
457,0,0.308775
458,0,0.278852
459,1,0.328675
460,1,0.557613
461,1,0.209372
462,1,0.412346
463,1,0.289534
464,0,0.205597
465,1,0.149765
466,0,0.124300
467,0,0.174989
468,1,0.432977
469,1,0.313797
470,1,0.316908
471,0,0.263816
472,1,0.239030
473,1,0.635171
474,0,0.108181
475,0,0.236943
476,0,0.171422
477,1,0.241989
478,1,0.277440
479,0,0.330841
480,1,0.335699
481,1,0.373473
482,0,0.178644
483,1,0.416728
484,0,0.097556
485,0,0.186809
486,1,0.422543
487,0,0.205044
488,0,0.144076
489,0,0.193320
490,1,0.343807
491,1,0.354250
492,0,0.067862
493,1,0.365588
494,0,0.269829
495,0,0.156920
496,0,0.168896
497,1,0.384867
498,1,0.451781
499,1,0.246919
500,1,0.221967
501,1,0.366523
502,1,0.350021
503,1,0.450930
504,0,0.122313
505,0,0.174889
506,0,0.241379
507,1,0.118003
508,0,0.155168
509,0,0.176628
510,1,0.454980
511,1,0.456337
512,0,0.141138
513,0,0.209353
514,1,0.516984
515,1,0.107779
516,0,0.066226
517,1,0.238669
518,0,0.414118
519,1,0.523027
520,1,0.144543
521,1,0.383523
522,0,0.280392
523,0,0.187331
524,1,0.052536
525,1,0.360312
526,0,0.341247
527,0,0.107105
528,0,0.288060
529,0,0.167878
530,1,0.414174
531,1,0.405623
532,0,0.165970
533,1,0.423086
534,1,0.304591
535,0,0.146270
536,1,0.241989
537,1,0.354479
538,1,0.414174
539,1,0.264670
540,0,0.159274
541,0,0.104925
542,1,0.181700
543,1,0.363072
544,0,0.263911
545,0,0.310131
546,1,0.315156
547,1,0.516956
548,1,0.328465
549,1,0.405623
550,0,0.168073
551,0,0.266219
552,0,0.006677
553,0,0.454447
554,0,0.256599
555,0,0.060074
556,1,0.488187
557,1,0.332878
558,0,0.315908
559,1,0.448422
560,1,0.061340
561,0,0.415806
562,0,0.301909
563,0,0.147684
564,0,0.122929
565,1,0.632120
566,1,0.291567
567,1,0.237579
568,1,0.414972
569,0,0.161383
570,1,0.088832
571,0,0.266630
572,1,0.515020
573,1,0.462074
574,1,0.414847
575,0,0.071290
576,0,0.274271
577,0,0.262314
578,1,0.473982
579,1,0.799480
580,0,0.066049
581,0,0.015180
582,1,0.354282
583,0,0.164899
584,0,0.088191
585,0,0.300074
586,1,0.363735
587,1,0.328836
588,0,0.197635
589,0,0.215035
590,0,0.144416
591,1,0.389994
592,0,0.224367
593,0,0.042335
594,0,0.222691
595,0,0.189018
596,0,0.128667
597,0,0.253668
598,1,0.317233
599,1,0.116899
600,0,-0.030254
601,1,0.527214
602,1,0.204747
603,0,0.221988
604,0,0.306840
605,1,0.281854
606,1,0.351986
607,0,0.153451
608,0,0.146971
609,1,0.278108
610,1,0.354719
611,1,0.571680
612,0,0.273803
613,1,0.268294
614,1,0.383610
615,1,0.192983
616,0,0.183694
617,1,0.209372
618,0,0.356479
619,1,0.498560
620,1,0.334366
621,1,0.235020
622,1,0.341875
623,1,0.332525
624,0,0.091557
625,1,0.470307
626,1,0.042448
627,1,0.528464
628,0,0.111990
629,1,0.195875
630,1,0.391530
631,0,0.221325
632,0,0.186779
633,1,0.401269
634,1,0.401164
635,0,0.158423
636,1,0.142766
637,0,0.262548
638,0,0.132547
639,0,0.181191
640,1,0.201198
641,0,0.334422
642,1,0.306815
643,0,0.297005
644,0,0.112118
645,1,0.271273
646,0,0.188591
647,1,0.275102
648,0,0.311920
649,0,0.109697
650,1,0.548705
651,1,0.208452
652,0,0.170227
653,1,0.295684
654,0,0.263144
655,0,0.080588
656,1,0.164976
657,1,0.303563
658,1,0.246919
659,0,0.123497
660,1,0.346060
661,1,0.310462
662,0,0.115970
663,1,0.260252
664,1,0.650705
665,1,0.332525
666,1,0.246023
667,1,0.737121
668,0,0.187637
669,0,0.269737
670,1,0.451781
671,0,0.366604
672,1,0.496962
673,0,0.304904
674,1,0.244857
675,1,0.297097
676,1,0.363022
677,0,0.018840
678,1,0.262279
679,0,0.345125
680,0,0.361741
681,0,0.125914
682,1,0.255700
683,1,0.383755
684,0,0.186867
685,0,0.129241
686,1,0.485881
687,0,0.305760
688,0,0.172133
689,0,0.034896
690,0,0.079978
691,1,0.448929
692,0,0.134223
693,1,0.359882
694,0,0.388415
695,1,0.338517
696,0,0.287827
697,0,0.414762
698,1,0.472308
699,0,0.132380
700,0,0.115278
701,0,0.107999
702,0,0.155172
703,1,0.119461
704,0,0.267890
705,0,0.315403
706,0,0.091406
707,1,0.473334
708,1,0.277869
709,1,0.423856
710,0,0.033570
711,1,0.458881
712,0,0.063584
713,0,0.027321
714,1,0.225938
715,0,0.194765
716,0,0.128460
717,1,0.527949
718,0,0.072966
719,1,0.360042
720,1,0.211889
721,0,0.086762
722,0,0.142317
723,0,0.240632
724,0,0.161166
725,1,0.413269
726,1,0.076648
727,1,0.300562
728,0,0.449375
729,0,0.044126
730,0,0.074783
731,0,0.073290
732,1,0.373473
733,0,0.152327
734,0,0.028897
735,0,0.152857
736,0,0.113548
737,0,0.335402
738,0,0.204160
739,0,0.196049
740,0,0.176793
741,1,0.383610
742,1,0.256010
743,1,0.093849
744,1,0.294994
745,1,0.277440
746,1,0.134869
747,0,0.273350
748,1,0.359075
749,0,0.418818
750,0,0.230570
751,1,0.262279
752,1,0.488297
753,0,0.409100
754,1,0.181700
755,0,0.269293
756,1,0.414174
757,1,0.232238
758,0,0.148529
759,1,0.435416
760,0,0.093164
761,0,0.117975
762,0,0.092990
763,1,0.306815
764,1,0.304404
765,0,0.209718
766,1,0.318379
767,0,0.098787
768,1,0.294452
769,0,0.192178
770,0,0.231600
771,0,0.106448
772,0,0.089995
773,1,0.511657
774,1,0.487974
775,0,0.317913
776,0,0.150060
777,0,0.196703
778,0,0.140174
779,0,0.112230
780,1,0.287989
781,0,0.292485
782,1,0.009627
783,1,0.367477
784,0,0.191219
785,0,0.169615
786,0,0.307492
787,0,0.184158
788,1,0.360042
789,1,0.371188
790,1,0.317712
791,1,0.486613
792,0,0.160531
793,1,0.471589
794,1,0.153935
795,0,0.219883
796,1,0.232470
797,0,0.200508
798,0,-0.067259
799,0,0.187001
800,1,0.463369
801,1,0.217053
802,1,0.337534
803,0,0.132670
804,0,0.110640
805,1,0.323539
806,1,0.423841
807,0,0.231130
808,0,0.114362
809,1,0.352419
810,0,0.276440
811,1,0.496962
812,0,0.259755
813,1,0.393763
814,1,0.436713
815,1,0.494725
816,1,0.223776
817,1,0.490239
818,1,0.362770
819,1,0.180283
820,0,0.064615
821,0,0.327089
822,1,0.238669
823,0,0.331065
824,1,0.412799
825,1,0.177484
826,0,0.067386
827,1,0.334414
828,0,0.136504
829,0,0.180496
830,0,0.301193
831,0,0.152325
832,1,0.413269
833,0,0.273137
834,0,0.147671
835,1,0.242696
836,0,0.276446
837,1,0.595997
838,0,0.121233
839,0,0.261622
840,0,0.212551
841,0,0.329153
842,1,0.242993
843,1,0.276864
844,0,0.370396
845,0,0.294058
846,0,0.185402
847,0,0.224109
848,1,0.312343
849,1,0.380772
850,1,0.412579
851,1,0.460013
852,0,0.114650
853,1,0.329698
854,0,0.329812
855,0,0.224978
856,1,0.490880
857,0,0.193075
858,1,0.619536
859,0,0.073367
860,0,0.206478
861,1,0.337534
862,1,0.405003
863,0,0.257243
864,0,0.236240
865,0,0.078544
866,0,0.243841
867,0,0.236025
868,0,0.063333
869,1,0.505662
870,0,0.078637
871,0,0.141849
872,1,0.435183
873,1,0.192891
874,0,0.135165
875,0,0.052763
876,1,0.341663
877,0,0.171629
878,0,0.055675
879,1,0.457803
880,1,0.257619
881,1,0.124055
882,0,0.279661
883,0,0.239445
884,0,0.113498
885,0,0.062072
886,1,0.308247
887,1,0.118458
888,1,0.229659
889,0,0.330026
890,1,0.321123
891,0,0.039000
892,1,0.393585
893,1,0.512627
894,0,0.390363
895,1,0.507800
896,1,0.443212
897,1,0.264043
898,0,0.045410
899,1,0.396883
900,1,0.373413
901,1,0.490156
902,1,0.369889
903,0,0.121856
904,0,0.105003
905,1,0.582135
906,1,0.210380
907,1,0.216066
908,0,0.151903
909,0,0.122650
910,0,0.099676
911,1,0.277487
912,0,0.207137
913,0,0.155940
914,0,0.158502
915,0,0.199379
916,0,0.138672
917,0,0.106547
918,1,0.410513
919,1,0.360513
920,0,0.025751
921,0,0.093629
922,1,0.425398
923,0,0.207236
924,1,0.281319
925,0,0.209047
926,1,0.394957
927,0,0.111043
928,0,0.163171
929,1,0.309891
930,0,0.305858
931,0,0.051745
932,0,0.193910
933,1,0.292215
934,0,0.088946
935,0,0.078422
936,1,0.228104
937,0,0.193360
938,0,0.166108
939,1,0.406466
940,1,0.225177
941,1,0.277208
942,0,0.038370
943,1,0.321731
944,1,0.322526
945,0,0.167846
946,1,0.450629
947,1,0.254453
948,1,0.550360
949,0,0.209315
950,0,0.038867
951,1,0.323539
952,0,0.224618
953,1,0.360513
954,1,0.382271
955,0,0.191871
956,0,0.226316
957,0,0.191497
958,1,0.477926
959,1,0.367587
960,1,0.456402
961,0,0.135887
962,1,0.251996
963,1,0.078815
964,1,0.569235
965,1,0.411094
966,1,0.487665
967,0,-0.003919
968,0,0.183768
969,0,0.206734
970,0,0.330167
971,0,0.051726
972,1,0.317712
973,1,0.295494
974,0,0.215281
975,0,0.008905
976,1,0.216671
977,1,0.568275
978,1,0.333476
979,1,0.135865
980,0,0.202554
981,0,0.244925
982,0,0.343500
983,1,0.331016
984,1,0.364916
985,0,0.158673
986,0,0.153451
987,0,0.153818
988,0,0.100055
989,1,0.460203
990,1,0.239649
991,0,0.194863
992,0,0.286323
993,1,0.154937
994,0,0.137285
995,1,0.419448
996,1,0.336649
997,0,0.012870
998,0,0.007420
999,0,0.220655
1000,0,0.107197
1001,0,0.255717
1002,0,0.133684
1003,0,0.316582
1004,1,0.418697
1005,1,0.285653
1006,1,0.228104
1007,0,0.155659
1008,0,0.175758
1009,1,0.581229
1010,1,0.390085
1011,0,0.064336
1012,1,0.411224
1013,0,0.267443
1014,0,0.231505
1015,1,0.328836
1016,1,0.401193
1017,1,0.353934
1018,1,0.072448
1019,1,0.214723
1020,0,0.290826
1021,0,0.210302
1022,1,0.528386
1023,1,0.192105
1024,1,0.339170
1025,1,0.385978
1026,0,0.152082
1027,1,0.272702
1028,0,0.154706
1029,0,0.064018
1030,0,0.149608
1031,1,0.476813
1032,1,0.396892
1033,1,0.423856
1034,1,0.223938
1035,0,0.100350
1036,0,0.212274
1037,0,0.161948
1038,0,0.010966
1039,0,0.193075
1040,1,0.068212
1041,1,0.380496
1042,0,0.096167
1043,0,0.189060
1044,0,0.229864
1045,0,0.206026
1046,0,0.314692
1047,1,0.364916
1048,1,0.271443
1049,0,0.076230
1050,0,0.304019
1051,1,0.260386
1052,1,0.323539
1053,1,0.157433
1054,1,0.242696
1055,1,0.643134
1056,0,0.213820
1057,0,0.433251
1058,0,0.173616
1059,1,0.478318
1060,0,0.085524
1061,1,0.367939
1062,0,0.231394
1063,1,0.597049
1064,0,0.242255
1065,0,0.234978
1066,1,0.609578
1067,1,0.281039
1068,0,0.227833
1069,1,0.354746
1070,0,0.295927
1071,0,0.082918
1072,0,0.313913
1073,1,0.319114
1074,0,0.252059
1075,0,0.031871
1076,1,0.639949
1077,0,0.258272
1078,1,0.605575
1079,1,0.080582
1080,0,0.177416
1081,1,0.359717
1082,1,0.334477
1083,0,0.092628
1084,0,0.208199
1085,0,0.362140
1086,0,0.119105
1087,1,0.353252
1088,1,0.268268
1089,0,0.184277
1090,1,0.245253
1091,0,0.185792
1092,0,0.336479
1093,0,0.348419
1094,1,0.367587
1095,0,0.261048
1096,1,0.157822
1097,0,0.204707
1098,1,0.329738
1099,1,0.149765
1100,1,0.210076
1101,1,0.260476
1102,0,0.136624
1103,1,0.280971
1104,0,0.228720
1105,1,0.186500
1106,1,0.420686
1107,0,0.204676
1108,1,0.114366
1109,0,0.184673
1110,1,0.262408
1111,1,0.607871
1112,1,0.251169
1113,1,0.196951
1114,0,0.169750
1115,1,0.180526
1116,0,0.089710
1117,0,0.139682
1118,1,0.351512
1119,1,0.486824
1120,0,0.085942
1121,0,0.259629
1122,1,0.180526
1123,0,0.152977
1124,0,0.208135
1125,1,0.297658
1126,1,0.159977
1127,1,0.205255
1128,0,0.073777
1129,0,0.061309
1130,0,0.192281
1131,1,0.201438
1132,1,0.180526
1133,0,0.086322
1134,1,0.494224
1135,0,0.124853
1136,1,0.350652
1137,1,0.351169
1138,0,0.145455
1139,1,0.134869
1140,1,0.216743
1141,0,0.070859
1142,0,0.091606
1143,0,0.440725
1144,1,0.338517
1145,0,0.347747
1146,0,0.321354
1147,0,0.090916
1148,0,0.410645
1149,1,0.334366
1150,1,0.381458
1151,0,0.240595
1152,0,0.263407
1153,1,0.621496
1154,1,0.418987
1155,0,0.383394
1156,1,0.329579
1157,0,0.362060
1158,1,0.149765
1159,1,0.544401
1160,1,0.391649
1161,0,0.153019
1162,0,0.154068
1163,1,0.526208
1164,1,0.440149
1165,0,0.346847
1166,1,0.259465
1167,1,0.264670
1168,0,0.216422
1169,0,0.177573
1170,1,0.329999
1171,1,0.242213
1172,0,0.232753
1173,1,0.429630
1174,1,0.124055
1175,0,0.078431
1176,1,0.341875
1177,0,0.177653
1178,1,0.302730
1179,0,0.336945
1180,0,0.058278
1181,0,0.234636
1182,0,0.178435
1183,1,0.262279
1184,1,0.347508
1185,0,0.267480
1186,0,0.163530
1187,0,0.149155
1188,1,0.328317
1189,1,0.523861
1190,1,0.412733
1191,1,0.107779
1192,0,0.128720
1193,1,0.467448
1194,0,0.247134
1195,0,0.242675
1196,0,0.291252
1197,1,0.329190
1198,0,0.145971
1199,1,0.346358
1200,1,0.142963
1201,0,0.337884
1202,1,0.473208
1203,1,0.028950
1204,1,0.252814
1205,0,0.156310
1206,1,0.359930
1207,0,0.070798
1208,0,0.126547
1209,1,0.297658
1210,1,0.398745
1211,0,0.277053
1212,0,0.153348
1213,0,0.166558
1214,1,0.357797
1215,0,0.186181
1216,0,0.343039
1217,0,0.217449
1218,1,0.539193
1219,1,0.291531
1220,1,0.385750
1221,1,0.367346
1222,0,0.066126
1223,1,0.533896
1224,0,0.101844
1225,1,0.075444
1226,1,0.351924
1227,0,0.245747
1228,0,0.286753
1229,1,0.303563
1230,1,0.144543
1231,0,0.126450
1232,0,0.137701
1233,0,0.291808
1234,0,0.197544
1235,1,0.157433
1236,1,0.542179
1237,0,0.034690
1238,1,0.429883
1239,1,0.194190
1240,0,0.044984
1241,0,0.239388
1242,1,0.252327
1243,1,0.393585
1244,0,0.308583
1245,0,0.054656
1246,0,0.318526
1247,0,-0.037344
1248,0,0.110528
1249,1,0.355710
1250,0,0.328889
1251,1,0.404479
1252,0,0.181038
1253,1,0.274267
1254,1,0.392486
1255,0,0.107487
1256,0,0.174374
1257,1,0.328316
1258,1,0.113897
1259,1,0.452206
1260,0,0.354246
1261,0,0.189418
1262,0,0.173619
1263,0,0.064238
1264,0,0.128307
1265,0,0.365455
1266,1,0.367939
1267,1,0.452206
1268,0,0.276004
1269,0,0.338178
1270,1,0.136449
1271,0,0.090569
1272,1,0.333870
1273,0,0.152439
1274,0,0.206847
1275,1,0.396892
1276,1,0.468575
1277,1,0.259465
1278,0,0.137499
1279,1,0.516984
1280,0,0.193365
1281,0,0.221448
1282,1,0.500141
1283,0,0.279502
1284,0,0.235553
1285,0,0.136882
1286,1,0.088748
1287,1,0.238669
1288,1,0.329561
1289,0,0.180620
1290,0,0.092500
1291,1,0.149765
1292,1,0.428896
1293,1,0.313312
1294,0,0.219836
1295,1,0.525363
1296,1,0.724673
1297,1,0.340361
1298,0,0.147731
1299,0,-0.000563
1300,1,0.500153
1301,1,0.378416
1302,1,0.329600
1303,0,0.097341
1304,0,0.324328
1305,1,0.403878
1306,1,0.545867
1307,0,0.208677
1308,0,0.098868
1309,0,0.084500
1310,0,0.286134
1311,0,0.176878
1312,0,0.121884
1313,0,0.282748
1314,1,0.107779
1315,1,0.343752
1316,1,0.414119
1317,0,0.166779
1318,0,0.088716
1319,0,0.254954
1320,0,-0.053452
1321,1,0.400806
1322,0,0.346701
1323,1,0.554948
1324,1,0.254416
1325,1,0.494725
1326,1,0.492992
1327,1,0.344336
1328,0,0.316885
1329,1,0.599790
1330,1,0.185278
1331,1,0.507284
1332,0,0.257671
1333,1,0.450937
1334,1,0.436704
1335,1,0.195541
1336,1,0.272702
1337,0,0.061665
1338,1,0.258455
1339,0,0.190123
1340,0,0.360723
1341,0,0.160788
1342,1,0.621496
1343,1,0.350021
1344,0,0.193248
1345,1,0.374686
1346,1,0.284480
1347,0,0.200522
1348,1,0.383523
1349,1,0.462074
1350,1,0.277487
1351,0,0.326430
1352,0,0.225281
1353,1,0.412799
1354,1,0.261071
1355,0,0.142429
1356,0,0.034307
1357,1,0.498560
1358,0,0.279352
1359,0,0.073608
1360,1,0.478688
1361,1,0.300562
1362,1,0.454980
1363,0,0.304548
1364,1,0.367477
1365,1,0.522138
1366,1,0.495284
1367,0,0.074685
1368,0,0.182070
1369,0,0.173917
1370,1,0.325624
1371,1,0.542509
1372,1,0.607871
1373,0,0.381981
1374,0,0.218510
1375,0,0.125930
1376,0,0.003216
1377,0,0.053867
1378,0,0.223665
1379,0,0.233663
1380,1,0.473208
1381,1,0.260800
1382,0,0.142836
1383,1,0.078815
1384,1,0.489972
1385,1,0.390058
1386,0,0.287553
1387,1,0.455566
1388,0,0.214161
1389,0,0.067602
1390,1,0.380475
1391,1,0.416440
1392,1,0.364734
1393,1,0.463962
1394,1,0.091211
1395,0,0.048886
1396,0,0.169421
1397,0,0.131836
1398,1,0.354746
1399,1,0.475300
1400,0,0.214021
1401,0,0.096781
1402,1,0.529480
1403,0,0.148007
1404,0,0.024341
1405,0,0.090994
1406,1,0.453369
1407,0,0.212943
1408,0,0.027514
1409,0,-0.033618
1410,1,0.186456
1411,1,0.463962
1412,1,0.285104
1413,0,0.047011
1414,1,0.156351
1415,0,0.219097
1416,0,0.209847
1417,0,0.125564
1418,0,0.144740
1419,0,0.053248
1420,0,0.231739
1421,1,0.697870
1422,1,0.540693
1423,1,0.601511
1424,0,0.304668
1425,0,0.416294
1426,1,0.143632
1427,0,0.246755
1428,1,0.440842
1429,0,0.289466
1430,0,0.229744
1431,1,0.196485
1432,1,0.233353
1433,0,0.337684
1434,0,0.236644
1435,1,0.198029
1436,1,0.474660
1437,1,0.361189
1438,0,0.114873
1439,0,0.260210
1440,1,0.349026
1441,0,0.220254
1442,1,0.437434
1443,1,0.261124
1444,0,0.178510
1445,1,0.333216
1446,0,0.067644
1447,0,0.061814
1448,1,0.375902
1449,1,0.380395
1450,1,0.215177
1451,1,0.306324
1452,0,0.304590
1453,1,0.314984
1454,0,0.203857
1455,0,0.221336
1456,1,0.383092
1457,0,0.192930
1458,1,0.431008
1459,0,0.260745
1460,1,0.256193
1461,0,0.120338
1462,1,0.486753
1463,1,0.276790
1464,1,0.080582
1465,1,0.351512
1466,1,0.619536
1467,1,0.277487
1468,1,0.300427
1469,0,0.156656
1470,0,0.227410
1471,0,0.159268
1472,1,0.459013
1473,1,0.532406
1474,0,0.275690
1475,1,0.205065
1476,1,0.466048
1477,0,0.326557
1478,1,0.445790
1479,1,0.399950
1480,0,0.251323
1481,1,0.264874
1482,0,0.248922
1483,1,0.529480
1484,1,0.478533
1485,1,0.355253
1486,0,0.153497
1487,1,0.142963
1488,1,0.455863
1489,1,0.615586
1490,0,0.166704
1491,1,0.245581
1492,1,0.401286
1493,0,0.239890
1494,1,0.394957
1495,1,0.412449
1496,1,0.361939
1497,1,0.330914
1498,1,0.397855
1499,0,0.140858
1500,1,0.745000
1501,1,0.395076
1502,0,0.148284
1503,1,0.313797
1504,1,0.408784
1505,0,0.191191
1506,1,0.440310
1507,1,0.119507
1508,1,0.399493
1509,0,0.272879
1510,0,0.127816
1511,0,-0.001086
1512,0,0.136108
1513,1,0.177484
1514,0,0.115247
1515,1,0.185278
1516,1,0.317056
1517,0,0.350115
1518,1,0.403030
1519,1,0.402558
1520,1,0.322567
1521,0,0.182134
1522,0,0.189106
1523,0,0.035602
1524,0,0.134824
1525,0,0.224696
1526,0,0.096775
1527,0,0.390808
1528,1,0.425719
1529,0,0.096652
1530,1,0.192367
1531,1,0.226713
1532,1,0.478533
1533,0,0.249087
1534,1,0.389148
1535,1,0.390058
1536,0,0.102304
1537,0,0.094605
1538,0,0.227125
1539,0,0.085380
1540,0,0.185613
1541,1,0.378798
1542,0,0.129784
1543,1,0.441855
1544,1,0.393007
1545,1,0.180856
1546,1,0.271443
1547,1,0.175647
1548,1,0.221829
1549,0,0.122942
1550,1,0.449574
1551,1,0.460203
1552,0,0.276313
1553,0,0.436703
1554,1,0.320513
1555,0,0.329604
1556,0,0.048143
1557,1,0.532406
1558,1,0.204747
1559,0,0.132730
1560,1,0.215624
1561,0,0.176367
1562,1,0.260301
1563,1,0.356813
1564,1,0.137015
1565,0,0.321642
1566,0,0.388682
1567,0,0.141599
1568,1,0.477926
1569,0,0.127753
1570,1,0.540200
1571,1,0.177484
1572,0,0.159832
1573,0,0.100048
1574,0,0.300948
1575,1,0.557525
1576,1,0.258030
1577,0,0.236083
1578,1,0.166106
1579,1,0.494224
1580,0,0.227101
1581,0,0.188246
1582,1,0.241989
1583,0,0.411852
1584,1,0.203948
1585,1,0.431008
1586,0,0.263879
1587,1,0.414966
1588,0,0.114380
1589,1,0.306749
1590,0,0.145564
1591,1,0.554948
1592,0,0.238080
1593,0,0.052718
1594,1,0.259390
1595,1,0.253907
1596,0,0.107148
1597,0,0.154648
1598,1,0.494725
1599,0,0.140208
1600,1,0.355710
1601,1,0.654264
1602,0,0.207225
1603,1,0.501510
1604,0,0.094872
1605,0,0.222909
1606,1,0.335202
1607,1,0.098974
1608,1,0.394939
1609,0,0.159779
1610,0,0.205161
1611,0,0.308021
1612,1,0.279115
1613,0,0.229782
1614,1,0.280359
1615,0,0.161700
1616,0,0.328474
1617,1,0.182132
1618,1,0.079915
1619,0,0.121851
1620,0,0.085312
1621,0,0.035467
1622,0,0.280369
1623,1,0.167325
1624,1,0.331016
1625,0,0.177793
1626,1,0.471040
1627,0,0.096626
1628,0,0.125009
1629,1,0.251486
1630,0,0.294078
1631,0,0.146409
1632,0,0.099413
1633,0,0.073457
1634,1,0.177101
1635,0,0.151877
1636,1,0.544401
1637,1,0.517413
1638,1,0.473208
1639,1,0.194190
1640,1,0.261043
1641,1,0.237771
1642,0,0.261606
1643,1,0.075899
1644,1,0.425501
1645,0,0.164629
1646,0,0.280931
1647,1,0.154642
1648,1,0.545771
1649,1,0.209372
1650,0,0.244041
1651,1,0.047203
1652,0,0.178448
1653,0,0.221495
1654,1,0.211889
1655,1,0.298012
1656,1,0.311223
1657,0,0.109266
1658,1,0.384974
1659,1,0.218548
1660,0,0.154488
1661,0,0.074877
1662,1,0.494431
1663,0,0.037855
1664,0,0.092840
1665,1,0.355676
1666,0,0.163037
1667,0,0.329326
1668,1,0.384752
1669,1,0.423086
1670,1,0.467332
1671,1,0.179601
1672,1,0.329055
1673,0,0.240372
1674,0,0.184261
1675,1,0.398614
1676,0,0.202341
1677,0,0.133454
1678,1,0.061340
1679,0,0.092639
1680,0,0.059092
1681,0,0.070277
1682,1,0.329292
1683,0,0.096309
1684,1,0.331586
1685,0,0.241498
1686,0,0.215488
1687,0,0.254834
1688,1,0.395531
1689,0,0.338267
1690,0,0.413196
1691,1,0.332878
1692,0,0.182218
1693,1,0.178663
1694,0,0.206731
1695,0,0.028495
1696,0,0.251028
1697,0,0.156170
1698,1,0.434169
1699,1,0.334477
1700,0,0.269972
1701,0,0.365731
1702,1,0.104162
1703,1,0.347628
1704,1,0.279487
1705,0,0.153518
1706,1,0.515347
1707,1,0.308377
1708,1,0.260386
1709,0,0.163643
1710,1,0.206777
1711,1,0.178587
1712,0,0.099775
1713,1,0.465393
1714,0,0.084483
1715,0,0.123581
1716,0,0.081635
1717,1,0.171681
1718,1,0.271288
1719,0,0.230814
1720,1,0.270245
1721,1,0.265068
1722,1,0.635656
1723,1,0.252814
1724,0,0.274149
1725,0,0.145685
1726,1,0.366523
1727,1,0.351986
1728,0,0.112736
1729,0,0.062013
1730,1,0.256010
1731,0,0.163085
1732,0,0.169884
1733,0,0.323203
1734,0,0.165306
1735,0,0.163040
1736,0,0.323738
1737,0,0.213058
1738,0,0.212507
1739,0,0.072546
1740,0,0.038661
1741,0,0.185059
1742,0,0.183920
1743,0,0.069917
1744,1,0.300067
1745,0,0.088097
1746,0,0.269146
1747,0,0.166222
1748,0,0.131198
1749,1,0.512691
1750,1,0.620154
1751,1,0.452206
1752,0,0.154042
1753,1,0.490413
1754,1,0.352218
1755,0,0.107236
1756,1,0.270782
1757,1,0.529480
1758,1,0.514276
1759,0,0.190170
1760,0,0.170482
1761,0,0.250297
1762,0,0.099887
1763,0,0.014986
1764,1,0.152805
1765,0,0.088682
1766,1,0.204747
1767,1,0.242859
1768,0,0.023069
1769,1,0.477838
1770,1,0.379007
1771,1,0.450538
1772,1,0.322872
1773,1,0.455863
1774,1,0.499239
1775,0,0.157613
1776,1,0.256193
1777,1,0.393093
1778,1,0.208334
1779,0,0.037290
1780,1,-0.010667
1781,0,0.082471
1782,0,0.275778
1783,1,0.526208
1784,0,0.083125
1785,1,0.116973
1786,0,0.172325
1787,1,0.277440
1788,0,0.128494
1789,0,0.038447
1790,1,0.395949
1791,0,0.098807
1792,1,0.361784
1793,1,0.381458
1794,1,0.213440
1795,1,0.024220
1796,1,0.237805
1797,1,0.611803
1798,0,0.212405
1799,1,0.396883
1800,0,0.232966
1801,1,0.285693
1802,0,0.157050
1803,1,0.237771
1804,0,0.329972
1805,1,0.307300
1806,1,0.590257
1807,0,0.224848
1808,1,0.379007
1809,0,0.196771
1810,1,0.205255
1811,0,-0.000118
1812,0,0.044055
1813,0,0.140729
1814,0,0.319274
1815,0,0.183532
1816,0,0.040971
1817,1,0.458617
1818,1,0.397729
1819,1,0.396692
1820,0,0.061383
1821,1,0.130420
1822,1,0.106911
1823,0,0.167016
1824,1,0.465393
1825,0,0.182996
1826,0,0.258009
1827,0,0.201398
1828,0,0.102119
1829,1,0.517080
1830,1,0.535932
1831,0,0.309000
1832,0,0.128168
1833,0,0.194648
1834,1,0.197529
1835,1,0.172198
1836,0,0.203359
1837,0,0.190918
1838,1,0.494431
1839,1,0.208696
1840,1,0.351051
1841,1,0.263315
1842,0,0.159591
1843,0,0.088271
1844,0,0.111384
1845,0,0.125427
1846,1,0.487760
1847,1,0.224593
1848,0,0.190021
1849,1,0.288651
1850,0,0.182630
1851,1,0.394908
1852,1,0.247636
1853,1,0.401793
1854,1,0.447002
1855,1,0.352419
1856,1,0.228104
1857,1,0.425398
1858,0,0.345744
1859,1,0.494224
1860,1,0.452206
1861,1,0.076602
1862,1,0.313211
1863,0,0.164886
1864,1,0.297431
1865,0,0.108479
1866,0,0.121560
1867,1,0.322880
1868,1,0.495918
1869,1,0.254111
1870,0,0.253240
1871,0,-0.003565
1872,0,0.218414
1873,1,0.391533
1874,1,0.348464
1875,1,0.373138
1876,0,0.031199
1877,1,0.557392
1878,0,0.240653
1879,1,0.429767
1880,1,0.313797
1881,0,0.316007
1882,1,0.216286
1883,1,0.274584
1884,0,0.177842
1885,1,0.590257
1886,0,0.269069
1887,0,0.236809
1888,1,0.184895
1889,0,0.079576
1890,1,0.231743
1891,0,0.260609
1892,1,0.438472
1893,0,0.179406
1894,0,0.162248
1895,1,0.183211
1896,1,0.115999
1897,1,0.399493
1898,0,0.271126
1899,0,0.185322
1900,1,0.426171
1901,0,0.188355
1902,0,0.160244
1903,1,0.475740
1904,0,0.010675
1905,0,0.140516
1906,1,0.332124
1907,1,0.201960
1908,0,0.255457
1909,0,0.146545
1910,1,0.431945
1911,1,0.327327
1912,1,0.490880
1913,0,0.213675
1914,1,0.220928
1915,1,0.724673
1916,0,0.189565
1917,1,0.371196
1918,1,0.493444
1919,0,0.053778
1920,1,0.355676
1921,0,0.283325
1922,0,0.214559
1923,1,0.238669
1924,1,0.194320
1925,0,0.180533
1926,0,0.363053
1927,1,0.246507
1928,1,0.221829
1929,1,0.657331
1930,1,0.451781
1931,0,0.193108
1932,1,0.327099
1933,0,0.219756
1934,1,0.376840
1935,0,0.115415
1936,1,0.331553
1937,1,0.349814
1938,0,0.100788
1939,1,0.294535
1940,1,0.362835
1941,0,0.168903
1942,0,0.255887
1943,1,0.330677
1944,1,0.273602
1945,1,0.142963
1946,0,0.076477
1947,1,0.202096
1948,1,0.406498
1949,0,0.375756
1950,0,-0.043301
1951,0,0.063698
1952,0,0.102821
1953,1,0.392783
1954,0,0.232827
1955,1,0.289986
1956,1,0.325288
1957,0,0.255428
1958,1,0.358283
1959,0,0.048602
1960,0,0.243701
1961,1,0.449661
1962,0,0.308747
1963,1,0.093609
1964,0,0.007604
1965,1,0.490156
1966,0,0.115320
1967,1,0.180315
1968,1,0.478688
1969,1,0.368058
1970,1,0.262829
1971,0,0.076772
1972,1,0.412449
1973,0,0.266574
1974,0,0.419069
1975,0,0.374562
1976,1,0.153736
1977,0,0.096906
1978,1,0.335864
1979,1,0.320526
1980,1,0.210432
1981,1,0.473208
1982,1,0.450629
1983,0,0.114609
1984,0,0.235106
1985,1,0.225177
1986,1,0.383523
1987,0,0.086665
1988,0,0.270338
1989,0,0.142803
1990,0,0.244036
1991,1,0.379172
1992,0,0.231174
1993,0,0.161674
1994,1,0.277208
1995,0,0.024603
1996,0,0.097970
1997,1,0.273602
1998,1,0.306749
1999,1,0.195541
2000,1,0.264584
2001,0,0.266813
2002,0,0.255044
2003,1,0.492719
2004,1,0.229773
2005,1,0.245728
2006,0,0.231881
2007,0,0.198297
2008,0,0.211124
2009,1,0.409709
2010,0,0.220413
2011,0,0.213242
2012,0,0.341483
2013,0,0.152029
2014,0,0.256693
2015,1,0.360112
2016,0,0.158279
2017,1,0.209549
2018,1,0.305657
2019,0,0.071652
2020,0,0.167668
2021,0,0.245200
2022,0,0.210162
2023,0,0.205968
2024,0,0.293129
2025,1,0.379856
2026,1,0.453307
2027,0,0.385045
2028,1,0.235020
2029,0,0.210049
2030,0,0.358291
2031,0,0.184140
2032,1,0.369216
2033,1,0.259160
2034,0,0.169452
2035,1,0.343950
2036,0,0.043811
2037,0,0.107491
2038,0,0.191749
2039,0,0.154621
2040,0,0.337046
2041,0,0.178528
2042,0,0.155665
2043,0,0.059466
2044,1,0.432999
2045,0,0.244360
2046,0,0.252177
2047,1,0.273602
2048,1,0.138422
2049,1,0.202249
2050,1,0.314805
2051,1,0.353903
2052,0,0.321475
2053,0,0.232189
2054,0,0.227536
2055,1,0.353706
2056,1,0.378521
2057,1,0.313797
2058,1,0.471896
2059,0,0.191244
2060,1,0.237805
2061,0,0.244740
2062,0,0.209582
2063,1,0.510355
2064,1,0.255142
2065,0,0.047710
2066,0,0.258379
2067,1,0.478226
2068,0,0.320281
2069,1,0.253928
2070,1,0.351512
2071,1,0.024220
2072,1,0.644872
2073,1,0.246919
2074,1,0.492992
2075,0,0.189226
2076,0,-0.040659
2077,1,0.390349
2078,0,0.226322
2079,1,0.075899
2080,0,0.313211
2081,0,0.277327
2082,0,0.282672
2083,0,0.195273
2084,0,0.150245
2085,0,0.428909
2086,1,0.380772
2087,0,0.108718
2088,0,0.109335
2089,1,0.323703
2090,0,-0.011333
2091,0,0.085241
2092,0,0.306219
2093,1,0.416220
2094,1,0.346108
2095,1,0.320675
2096,1,0.228104
2097,0,0.201137
2098,1,0.351051
2099,1,0.359075
2100,0,0.220778
2101,0,0.112405
2102,0,0.145491
2103,0,0.130152
2104,0,0.217039
2105,1,0.468088
2106,0,0.120422
2107,1,0.368262
2108,1,0.136449
2109,0,0.170788
2110,0,0.122322
2111,0,0.229898
2112,0,0.316801
2113,0,0.257690
2114,1,0.495637
2115,1,0.272633
2116,0,0.174210
2117,0,0.234308
2118,0,0.100628
2119,0,0.076251
2120,1,0.391467
2121,0,0.164975
2122,1,0.265272
2123,1,0.254111
2124,1,0.446901
2125,1,0.258647
2126,0,0.188764
2127,0,0.254645
2128,0,0.208673
2129,1,0.259465
2130,1,0.322880
2131,1,0.463854
2132,1,0.313211
2133,1,0.294319
2134,1,0.447002
2135,1,0.371938
2136,1,0.388299
2137,0,0.256387
2138,0,0.084669
2139,0,0.271877
2140,1,0.212677
2141,0,0.087013
2142,0,0.137014
2143,1,0.313211
2144,1,0.325901
2145,0,0.182145
2146,1,0.526358
2147,1,0.293135
2148,0,0.386116
2149,1,0.183617
2150,1,0.149243
2151,1,0.227147
2152,0,0.162972
2153,0,0.041063
2154,1,0.507680
2155,0,0.211408
2156,1,0.314795
2157,0,0.219905
2158,1,0.354186
2159,0,0.002163
2160,0,0.067634
2161,0,0.159732
2162,1,0.187740
2163,1,0.379007
2164,1,0.400842
2165,1,0.260043
2166,0,0.273243
2167,0,0.114826
2168,1,0.452411
2169,0,0.361812
2170,0,0.214766
2171,1,0.136485
2172,1,0.445386
2173,1,0.275325
2174,1,0.334300
2175,0,0.180860
2176,0,0.268918
2177,0,0.197765
2178,1,0.422043
2179,0,0.235456
2180,1,0.079915
2181,0,0.125189
2182,1,0.258455
2183,1,0.204517
2184,0,0.255721
2185,1,0.235020
2186,1,0.441825
2187,1,0.388133
2188,1,0.227678
2189,0,0.066455
2190,0,0.215222
2191,0,0.245847
2192,1,0.180526
2193,1,0.512627
2194,1,0.320513
2195,0,0.161858
2196,1,0.355920
2197,0,0.224007
2198,0,0.158577
2199,0,0.172779
2200,0,0.021465
2201,1,0.338677
2202,0,0.301775
2203,1,0.540200
2204,1,0.389994
2205,1,0.259465
2206,0,0.051502
2207,1,0.350549
2208,1,0.454980
2209,1,0.444732
2210,1,0.261401
2211,1,0.379541
2212,0,0.275679
2213,0,0.171594
2214,0,0.053219
2215,1,0.224534
2216,0,0.099988
2217,1,0.277487
2218,0,0.389483
2219,0,0.183533
2220,1,0.382271
2221,0,0.136921
2222,1,0.047203
2223,1,0.285693
2224,0,0.079216
2225,1,0.490239
2226,0,0.164816
2227,1,0.481963
2228,0,0.304276
2229,0,0.350441
2230,0,0.177100
2231,1,0.279117
2232,0,0.324328
2233,0,0.141579
2234,1,0.532406
2235,1,0.262372
2236,0,0.131361
2237,0,0.171331
2238,1,0.429919
2239,0,0.299677
2240,1,0.265551
2241,1,0.341875
2242,0,0.157834
2243,1,0.403896
2244,0,0.148184
2245,0,0.190802
2246,0,0.243986
2247,0,0.039354
2248,1,0.516984
2249,0,-0.031773
2250,1,0.291088
2251,0,0.119899
2252,1,0.194190
2253,1,0.467332
2254,0,0.089652
2255,0,0.163964
2256,1,0.479881
2257,1,0.208334
2258,1,0.711782
2259,1,0.319151
2260,1,0.341137
2261,0,0.022220
2262,0,0.009220
2263,1,0.202249
2264,1,0.421026
2265,0,0.344863
2266,0,0.173394
2267,0,0.111204
2268,1,0.535613
2269,0,0.177190
2270,1,0.352615
2271,1,0.256538
2272,1,0.473296
2273,0,0.456394
2274,0,0.070590
2275,0,0.249149
2276,0,0.201336
2277,1,0.317712
2278,0,0.113914
2279,1,0.515305
2280,0,0.208068
2281,1,0.459013
2282,1,0.435416
2283,0,0.261977
2284,0,0.248382
2285,0,0.256456
2286,0,0.123345
2287,0,0.139122
2288,0,0.063888
2289,0,0.179961
2290,1,0.210076
2291,0,0.182534
2292,1,0.320885
2293,1,0.241155
2294,0,0.298178
2295,0,0.408344
2296,1,0.582713
2297,1,0.254111
2298,1,0.657331
2299,1,0.195875
2300,0,0.103640
2301,1,0.489972
2302,0,0.092313
2303,1,0.314984
2304,0,0.183791
2305,1,0.314805
2306,1,0.180526
2307,0,0.110706
2308,0,0.237184
2309,0,0.295266
2310,0,0.209113
2311,1,0.378521
2312,1,0.363022
2313,0,0.112555
2314,0,0.346050
2315,0,0.131854
2316,0,0.073959
2317,0,0.213404
2318,0,0.061420
2319,1,0.321484
2320,1,0.270402
2321,0,0.200813
2322,1,0.380849
2323,0,0.127333
2324,0,0.195925
2325,0,0.145113
2326,0,0.215830
2327,1,0.333826
2328,0,0.106953
2329,0,0.324840
2330,1,0.532019
2331,1,0.397559
2332,0,0.178469
2333,0,0.094629
2334,0,0.188358
2335,1,0.367587
2336,0,0.296729
2337,0,0.105066
2338,0,0.131226
2339,0,0.098100
2340,1,0.247715
2341,1,0.371662
2342,1,0.392783
2343,0,0.111574
2344,0,0.374513
2345,0,0.103908
2346,1,0.380855
2347,1,0.221829
2348,1,0.540200
2349,1,0.475740
2350,0,0.311160
2351,0,0.098951
2352,1,0.203948
2353,1,0.447886
2354,1,0.360037
2355,0,0.081433
2356,0,0.088796
2357,1,0.542260
2358,0,0.074058
2359,1,0.258895
2360,1,0.234119
2361,0,0.148894
2362,0,0.299836
2363,1,0.118391
2364,0,0.153703
2365,1,0.279487
2366,0,0.255953
2367,0,0.031065
2368,1,0.279468
2369,1,0.306425
2370,1,0.276426
2371,1,0.088748
2372,1,0.300562
2373,1,0.284138
2374,1,0.557392
2375,1,0.383755
2376,0,0.154177
2377,0,0.209934
2378,0,0.290037
2379,0,0.147152
2380,1,0.461147
2381,1,0.361189
2382,1,0.414174
2383,1,0.367449
2384,0,0.038508
2385,1,0.567858
2386,0,0.173884
2387,0,0.426402
2388,0,-0.023879
2389,1,0.042448
2390,0,0.209470
2391,1,0.599273
2392,1,0.442119
2393,0,0.208561
2394,0,0.433930
2395,1,0.589550
2396,1,0.332097
2397,0,0.172999
2398,0,0.237432
2399,1,0.267407
2400,1,0.706025
2401,0,0.123006
2402,1,0.304361
2403,0,0.004695
2404,0,0.125153
2405,1,0.401254
2406,1,0.418697
2407,1,0.156351
2408,0,0.184183
2409,0,0.207593
2410,0,0.110239
2411,1,0.068212
2412,1,0.325639
2413,1,0.210076
2414,0,0.233308
2415,1,0.186456
2416,1,0.344315
2417,0,0.384169
2418,0,0.178631
2419,1,0.144309
2420,0,0.089005
2421,0,0.219025
2422,0,0.053799
2423,1,0.119461
2424,1,0.269914
2425,1,0.745000
2426,1,0.261480
2427,0,0.189567
2428,1,0.152805
2429,0,0.144579
2430,0,0.208516
2431,0,-0.028057
2432,0,0.140751
2433,1,0.136449
2434,1,0.180622
2435,0,0.205033
2436,1,0.279550
2437,0,0.280812
2438,0,0.244676
2439,0,0.126493
2440,0,0.166095
2441,0,0.318590
2442,1,0.253961
2443,1,0.177063
2444,1,0.237805
2445,0,0.176995
2446,1,0.319047
2447,0,0.146064
2448,1,0.247715
2449,0,0.373594
2450,0,0.169451
2451,0,0.111739
2452,1,0.554537
2453,0,0.127265
2454,1,0.391530
2455,1,0.392273
2456,0,0.255422
2457,0,0.224226
2458,1,0.032751
2459,1,0.157433
2460,0,0.217348
2461,0,0.077652
2462,1,0.317056
2463,0,0.120932
2464,0,0.283069
2465,1,0.449661
2466,0,0.134386
2467,0,0.113320
2468,0,0.248208
2469,0,0.149455
2470,1,0.604906
2471,1,0.262687
2472,0,0.107848
2473,1,0.463854
2474,1,0.473982
2475,0,0.201839
2476,0,0.191027
2477,0,0.245786
2478,1,0.382271
2479,1,0.393763
2480,1,0.392273
2481,1,0.288240
2482,1,0.277313
2483,1,0.323539
2484,0,0.377759
2485,1,0.304991
2486,1,0.267891
2487,0,0.334975
2488,0,0.196001
2489,0,0.297609
2490,0,0.245963
2491,1,0.494224
2492,0,0.029217
2493,1,0.635171
2494,0,0.368059
2495,1,0.258030
2496,0,0.171446
2497,0,0.188913
2498,1,0.319685
2499,0,0.132377
2500,0,0.238225
2501,0,0.327650
2502,0,0.121204
2503,1,0.599273
2504,1,0.241989
2505,1,0.308278
2506,0,0.274703
2507,0,0.218978
2508,0,0.095002
2509,0,0.147741
2510,1,0.383523
2511,1,0.213440
2512,0,0.201079
2513,0,0.096800
2514,1,0.132571
2515,1,0.171681
2516,1,0.174909
2517,0,0.062206
2518,0,0.238153
2519,0,0.197444
2520,1,0.366979
2521,0,0.163485
2522,1,0.173085
2523,0,0.135507
2524,1,0.269062
2525,1,0.322567
2526,0,0.483067
2527,0,0.215973
2528,1,0.319151
2529,1,0.279493
2530,1,0.452206
2531,1,0.384974
2532,1,0.310462
2533,0,0.255679
2534,1,0.295777
2535,1,0.118003
2536,1,0.250404
2537,1,0.266097
2538,0,0.225982
2539,0,0.267449
2540,0,-0.009264
2541,1,0.383092
2542,1,0.240079
2543,0,0.157617
2544,1,0.256001
2545,0,0.257532
2546,0,0.071618
2547,1,0.368652
2548,0,0.072874
2549,0,0.163061
2550,0,0.258863
2551,1,0.388280
2552,1,0.299486
2553,1,0.263819
2554,1,0.338906
2555,0,0.150887
2556,0,0.295476
2557,0,0.024112
2558,0,0.196395
2559,1,0.249339
2560,0,0.221805
2561,0,0.091121
2562,1,0.441940
2563,0,0.152391
2564,0,0.277874
2565,0,0.248635
2566,1,0.477838
2567,0,0.158521
2568,0,0.087647
2569,0,0.320368
2570,1,0.462671
2571,0,0.141846
2572,0,0.270060
2573,0,0.366248
2574,1,0.219139
2575,1,0.227265
2576,0,0.141780
2577,0,0.031570
2578,1,0.394951
2579,1,0.318163
2580,0,0.193002
2581,1,0.601511
2582,1,0.209573
2583,1,0.200608
2584,0,0.128334
2585,0,0.143140
2586,0,0.139052
2587,1,0.175647
2588,1,0.414477
2589,1,0.285156
2590,0,0.311160
2591,1,0.343274
2592,0,0.098365
2593,1,0.136044
2594,1,0.386203
2595,1,0.306749
2596,0,0.192972
2597,0,0.132417
2598,0,0.267249
2599,0,0.079149
2600,1,0.528464
2601,1,0.348543
2602,1,0.243679
2603,0,0.231044
2604,0,0.457858
2605,1,0.435375
2606,0,0.154773
2607,1,0.404479
2608,0,0.252039
2609,1,0.308278
2610,1,0.319624
2611,1,0.343752
2612,1,0.335202
2613,1,0.116752
2614,1,0.532706
2615,0,0.096976
2616,0,0.066069
2617,0,0.325133
2618,1,0.615586
2619,0,0.338299
2620,0,0.292019
2621,0,0.224775
2622,1,0.581229
2623,0,0.105215
2624,1,0.464632
2625,1,0.591674
2626,1,0.447002
2627,1,0.383894
2628,1,0.249339
2629,0,0.219132
2630,1,0.615525
2631,0,0.301166
2632,0,0.236828
2633,0,0.174700
2634,1,0.435183
2635,0,0.057954
2636,0,0.373212
2637,1,0.254111
2638,1,0.334185
2639,0,0.124608
2640,0,0.154085
2641,1,0.542509
2642,0,0.294782
2643,0,0.302238
2644,0,0.089974
2645,1,0.416728
2646,0,0.300706
2647,1,0.432959
2648,0,0.166489
2649,0,0.325087
2650,1,0.392273
2651,0,0.128284
2652,0,0.251303
2653,0,0.211778
2654,0,0.463497
2655,0,0.312701
2656,0,0.105697
2657,1,0.156454
2658,1,0.557706
2659,1,0.123472
2660,0,0.062915
2661,0,0.218880
2662,1,0.465431
2663,1,0.477999
2664,0,0.129935
2665,0,0.256540
2666,0,0.326326
2667,1,0.161852
2668,1,0.420866
2669,0,0.264467
2670,1,0.261351
2671,0,0.163994
2672,1,0.362207
2673,1,0.414806
2674,0,0.171355
2675,0,0.210457
2676,0,0.203128
2677,0,0.268769
2678,0,0.176128
2679,1,0.384555
2680,0,0.117288
2681,1,0.331327
2682,1,0.557624
2683,0,0.110993
2684,1,0.540200
2685,0,0.104479
2686,0,0.197327
2687,1,0.313620
2688,0,0.071320
2689,1,0.346012
2690,0,0.287216
2691,0,0.162252
2692,0,0.163795
2693,0,0.085194
2694,0,0.088653
2695,0,0.292244
2696,1,0.299486
2697,0,0.216969
2698,0,0.151404
2699,0,0.152427
2700,1,0.280971
2701,0,0.227634
2702,1,0.075899
2703,1,0.505976
2704,0,0.121891
2705,1,0.191020
2706,0,0.198116
2707,0,0.333628
2708,1,0.252814
2709,0,0.301561
2710,0,0.351640
2711,0,0.175225
2712,0,0.212246
2713,1,0.203948
2714,0,0.281001
2715,0,0.139668
2716,0,0.099277
2717,1,0.569235
2718,0,0.149475
2719,1,0.516956
2720,1,0.084353
2721,0,0.143640
2722,0,0.059061
2723,0,-0.099739
2724,0,0.108104
2725,0,0.201473
2726,0,0.297937
2727,0,0.049514
2728,0,0.362876
2729,1,0.637301
2730,0,0.323926
2731,1,0.309891
2732,1,0.401254
2733,0,0.378194
2734,0,-0.009215
2735,0,0.113770
2736,1,0.331327
2737,1,0.277487
2738,1,0.204747
2739,0,0.263083
2740,1,0.289508
2741,1,0.391649
2742,0,0.012741
2743,0,0.429241
2744,1,0.472587
2745,1,0.496962
2746,0,0.231063
2747,1,0.455566
2748,1,0.138422
2749,1,0.372642
2750,0,0.135864
2751,1,0.322880
2752,1,0.514276
2753,0,0.173811
2754,1,0.508372
2755,1,0.114366
2756,0,0.092649
2757,1,0.201471
2758,1,0.215527
2759,1,0.493271
2760,1,0.076602
2761,0,0.066597
2762,1,0.333529
2763,0,0.062601
2764,1,0.322615
2765,0,0.130694
2766,0,0.095300
2767,0,0.154360
2768,0,0.247819
2769,0,-0.020072
2770,1,0.079915
2771,0,0.051323
2772,0,0.066316
2773,0,0.125399
2774,0,0.339484
2775,0,0.264281
2776,0,0.162866
2777,0,0.244869
2778,1,0.410981
2779,0,0.065058
2780,0,0.140762
2781,1,0.333476
2782,1,0.369386
2783,0,0.213585
2784,1,0.470614
2785,1,0.290140
2786,1,0.549622
2787,0,0.224449
2788,1,0.285385
2789,0,0.214739
2790,1,0.316392
2791,0,0.323893
2792,1,0.643134
2793,1,0.277487
2794,1,0.535389
2795,0,0.375880
2796,1,0.553168
2797,0,0.149313
2798,1,0.338906
2799,0,0.075458
2800,0,0.211175
2801,0,0.090788
2802,0,0.190147
2803,0,0.086210
2804,1,0.288651
2805,0,0.147863
2806,1,0.202249
2807,0,0.188388
2808,0,0.090027
2809,0,0.112718
2810,1,0.412449
2811,1,0.456871
2812,0,0.288648
2813,0,0.300062
2814,1,0.208024
2815,1,0.276790
2816,1,0.247060
2817,1,0.540200
2818,1,0.350021
2819,0,0.158235
2820,0,0.274771
2821,0,0.205600
2822,0,0.255521
2823,0,0.412079
2824,1,0.078333
2825,1,0.391530
2826,1,0.241643
2827,1,0.322872
2828,0,0.144960
2829,0,0.016676
2830,0,0.085034
2831,0,0.240979
2832,0,0.258083
2833,0,0.242286
2834,1,0.444489
2835,0,0.233342
2836,0,0.057329
2837,1,0.258455
2838,0,0.262992
2839,0,0.180162
2840,0,0.098809
2841,1,0.118458
2842,0,0.204105
2843,0,0.096089
2844,1,0.295194
2845,1,0.159977
2846,1,0.466048
2847,0,0.111691
2848,0,0.184210
2849,0,0.179021
2850,1,0.232788
2851,1,0.510355
2852,0,0.103954
2853,0,0.161058
2854,0,0.031604
2855,0,0.179167
2856,0,0.235510
2857,1,0.360230
2858,1,0.327461
2859,1,0.337223
2860,0,0.152511
2861,0,0.286621
2862,0,0.154143
2863,0,0.013395
2864,0,0.343829
2865,1,0.178098
2866,0,0.201644
2867,0,0.155779
2868,1,0.434920
2869,0,0.290342
2870,0,0.009758
2871,0,0.269978
2872,0,0.356194
2873,1,0.346108
2874,0,0.174087
2875,1,0.228888
2876,0,0.268750
2877,0,0.255218
2878,1,0.577158
2879,1,0.580053
2880,0,0.203898
2881,0,0.029735
2882,1,0.426536
2883,1,0.515636
2884,1,0.437778
2885,1,0.386979
2886,0,0.063627
2887,1,0.418697
2888,1,0.261401
2889,1,0.726490
2890,0,0.138764
2891,1,0.451332
2892,0,0.191036
2893,1,0.545771
2894,0,0.379208
2895,1,0.177063
2896,0,0.377594
2897,0,0.160429
2898,1,0.408416
2899,1,0.236846
2900,1,0.227147
2901,1,0.304591
2902,0,0.209836
2903,1,0.416728
2904,0,0.064747
2905,1,0.330677
2906,1,0.228104
2907,0,0.327541
2908,1,0.265551
2909,1,0.314805
2910,1,0.299311
2911,0,0.243576
2912,1,0.344809
2913,1,0.411885
2914,1,0.395949
2915,1,0.498560
2916,0,0.133267
2917,0,0.186786
2918,1,0.354719
2919,0,0.121844
2920,1,0.325639
2921,1,0.373529
2922,1,0.697870
2923,1,0.284184
2924,0,0.233390
2925,1,0.107353
2926,1,0.210380
2927,0,0.323086
2928,0,0.129610
2929,0,0.332206
2930,0,0.111873
2931,0,0.230210
2932,0,0.057929
2933,1,0.407484
2934,1,0.199186
2935,1,0.328316
2936,1,0.426062
2937,1,0.665190
2938,0,0.109447
2939,1,0.327787
2940,1,0.204495
2941,0,0.096314
2942,0,0.102128
2943,1,0.219139
2944,0,0.275745
2945,1,0.449123
2946,1,0.447002
2947,1,0.363735
2948,1,0.338517
2949,0,0.158773
2950,0,0.163473
2951,1,0.209549
2952,0,0.213128
2953,0,0.112914
2954,1,0.351051
2955,0,0.067595
2956,0,0.344547
2957,0,0.090811
2958,1,0.245926
2959,1,0.473230
2960,0,0.139354
2961,0,0.138276
2962,1,0.648168
2963,0,0.259440
2964,0,0.172637
2965,0,0.406619
2966,0,0.378609
2967,0,0.178808
2968,0,0.044936
2969,0,0.222083
2970,1,0.448232
2971,0,0.144789
2972,0,0.134609
2973,1,0.404503
2974,1,0.383755
2975,1,0.334414
2976,0,0.065705
2977,0,0.190132
2978,1,0.297972
2979,1,0.359075
2980,0,0.082055
2981,0,0.115597
2982,0,0.241475
2983,0,0.284295
2984,1,0.475926
2985,1,0.305070
2986,0,0.264931
2987,0,0.200848
2988,0,0.033690
2989,1,0.260800
2990,1,0.355690
2991,0,0.337712
2992,1,0.277966
2993,0,0.196365
2994,1,0.438133
2995,0,0.115012
2996,1,0.669223
2997,1,0.398745
2998,1,0.194190
2999,0,0.273811
3000,0,0.055170
3001,0,0.174535
3002,1,0.371576
3003,0,0.352330
3004,0,0.196988
3005,0,0.259490
3006,0,0.119803
3007,1,0.502780
3008,0,0.172096
3009,0,0.107779
3010,1,0.410513
3011,1,0.143632
3012,1,0.298012
3013,1,0.336301
3014,0,0.235739
3015,1,0.580073
3016,0,0.164956
3017,0,0.177667
3018,1,0.409943
3019,1,0.260386
3020,0,0.107492
3021,1,0.292215
3022,1,0.236846
3023,1,0.242696
3024,1,0.314725
3025,0,0.092795
3026,0,0.197783
3027,0,0.241795
3028,0,0.229794
3029,1,0.416003
3030,0,0.095869
3031,0,0.300073
3032,0,0.024068
3033,1,0.386203
3034,0,0.070587
3035,0,0.155665
3036,0,0.098758
3037,0,0.131243
3038,0,0.047249
3039,0,0.160648
3040,1,0.166144
3041,1,0.221829
3042,0,0.084646
3043,0,0.285614
3044,1,0.543885
3045,1,0.366979
3046,1,0.358178
3047,0,0.213152
3048,0,0.200642
3049,0,0.074611
3050,0,0.309175
3051,0,0.352956
3052,0,0.159857
3053,1,0.265929
3054,0,0.293860
3055,0,0.080209
3056,1,0.373595
3057,0,0.104493
3058,0,0.163303
3059,0,0.084541
3060,1,0.242696
3061,1,0.358633
3062,1,0.354250
3063,1,0.476432
3064,0,0.014958
3065,0,0.125939
3066,0,0.211207
3067,1,0.354390
3068,0,0.088584
3069,1,0.287166
3070,0,0.269368
3071,0,0.267006
3072,1,0.517413
3073,0,0.053138
3074,0,0.167547
3075,0,0.133334
3076,0,0.221699
3077,1,0.319685
3078,0,0.021718
3079,0,0.073539
3080,1,0.267746
3081,1,0.367449
3082,1,0.147945
3083,1,0.058358
3084,1,0.268268
3085,0,0.079237
3086,0,0.303559
3087,1,0.605575
3088,0,0.258849
3089,1,0.313211
3090,0,0.311095
3091,1,0.298580
3092,0,0.138206
3093,0,0.319031
3094,0,0.085635
3095,1,0.084353
3096,0,0.128202
3097,1,0.418697
3098,0,0.219744
3099,1,0.512176
3100,0,0.157881
3101,1,0.550225
3102,0,0.186551
3103,1,0.443042
3104,0,0.129927
3105,1,0.382275
3106,1,0.237579
3107,0,0.193310
3108,0,0.078156
3109,1,0.144848
3110,1,0.343752
3111,0,0.045505
3112,0,0.225455
3113,1,0.365949
3114,0,0.174306
3115,1,0.351353
3116,1,0.288240
3117,1,0.567858
3118,0,0.136397
3119,1,0.177101
3120,1,0.382603
3121,0,0.220696
3122,1,0.357557
3123,1,0.423558
3124,1,0.192105
3125,0,0.090661
3126,0,0.154224
3127,1,0.709912
3128,0,0.087712
3129,1,0.245253
3130,0,0.264112
3131,1,0.101360
3132,0,0.193677
3133,0,0.242097
3134,1,0.414966
3135,1,0.229659
3136,1,0.446901
3137,1,0.326481
3138,1,0.360521
3139,0,0.158086
3140,1,0.373473
3141,0,0.242365
3142,1,0.654291
3143,0,0.136193
3144,1,0.327099
3145,0,0.156064
3146,0,0.274744
3147,1,0.258647
3148,0,0.250795
3149,1,0.319939
3150,0,0.207290
3151,1,0.207228
3152,0,0.411297
3153,0,0.139848
3154,1,0.539964
3155,1,0.364083
3156,0,0.250312
3157,0,0.149259
3158,0,0.357125
3159,1,0.246919
3160,0,0.202527
3161,1,0.650705
3162,1,0.392273
3163,0,0.179385
3164,0,0.176804
3165,0,0.282409
3166,0,0.266000
3167,1,0.285104
3168,1,0.507976
3169,1,0.327787
3170,0,0.098111
3171,0,0.161052
3172,0,0.197721
3173,0,0.224820
3174,0,0.196907
3175,1,0.263769
3176,0,0.135986
3177,1,0.246929
3178,0,0.234378
3179,0,0.296162
3180,1,0.540693
3181,0,0.124070
3182,1,0.375920
3183,1,0.425177
3184,0,0.202345
3185,0,0.111237
3186,1,0.418697
3187,0,0.071233
3188,0,0.249270
3189,0,0.216300
3190,0,0.473681
3191,1,0.313642
3192,0,0.234704
3193,1,0.399009
3194,0,0.182093
3195,0,0.142050
3196,0,0.112596
3197,0,0.045323
3198,0,0.113428
3199,1,0.492992
3200,1,0.348464
3201,1,0.353706
3202,1,0.528464
3203,0,0.204542
3204,1,0.367939
3205,0,0.325624
3206,1,0.075899
3207,1,0.412799
3208,0,0.069987
3209,1,0.263511
3210,1,0.585903
3211,1,0.184895
3212,0,0.111884
3213,0,0.123275
3214,0,0.122978
3215,1,0.508951
3216,1,-0.004564
3217,0,0.367622
3218,0,0.087328
3219,1,0.181546
3220,0,0.271978
3221,0,0.282828
3222,0,0.183363
3223,1,0.348548
3224,0,0.306620
3225,1,0.351353
3226,1,0.333476
3227,1,0.333826
3228,0,0.169944
3229,1,0.421560
3230,0,0.243183
3231,0,0.261905
3232,0,0.072079
3233,0,0.095224
3234,1,0.364916
3235,1,0.338486
3236,1,0.595997
3237,1,0.297626
3238,0,0.209688
3239,0,0.063519
3240,1,0.479881
3241,1,0.410981
3242,0,0.288998
3243,1,0.117940
3244,1,0.477926
3245,1,0.271443
3246,1,0.373660
3247,0,0.132877
3248,0,0.057838
3249,1,0.356786
3250,0,0.186788
3251,0,0.343199
3252,1,0.175777
3253,0,0.178351
3254,1,0.322325
3255,0,0.321600
3256,0,0.289688
3257,0,0.081145
3258,1,0.375302
3259,1,0.320513
3260,0,0.327945
3261,0,0.286442
3262,0,0.494581
3263,1,0.484634
3264,0,0.329197
3265,1,0.459113
3266,0,0.137158
3267,1,0.306324
3268,1,0.420866
3269,1,0.272633
3270,1,0.325288
3271,1,0.495747
3272,1,0.530612
3273,1,0.347795
3274,0,0.428655
3275,1,0.366523
3276,0,0.278018
3277,1,0.246919
3278,0,0.292303
3279,1,0.413417
3280,1,0.372642
3281,1,0.161852
3282,0,0.202100
3283,0,0.009813
3284,1,0.314984
3285,0,0.322187
3286,0,0.145716
3287,1,0.278101
3288,1,0.480609
3289,1,0.177063
3290,1,0.355767
3291,1,0.378333
3292,1,0.212677
3293,0,0.227359
3294,1,0.285104
3295,1,0.395949
3296,1,0.545867
3297,1,0.306503
3298,0,0.115475
3299,1,0.209597
3300,1,0.051252
3301,0,0.288463
3302,1,0.237135
3303,1,0.265153
3304,0,-0.010436
3305,1,0.408416
3306,1,0.473982
3307,0,0.231663
3308,0,0.136247
3309,1,0.426171
3310,1,0.518206
3311,1,0.373477
3312,1,0.164976
3313,1,0.470932
3314,1,0.347709
3315,0,0.187724
3316,0,0.312755
3317,0,0.128584
3318,0,0.183124
3319,1,0.241156
3320,1,0.252327
3321,0,0.136313
3322,0,0.130192
3323,1,0.211889
3324,1,0.396692
3325,0,0.143477
3326,0,0.245142
3327,0,0.070996
3328,0,0.269957
3329,0,0.228110
3330,0,0.327731
3331,1,0.318163
3332,1,0.355676
3333,0,0.332594
3334,1,0.277440
3335,0,0.062071
3336,0,0.223509
3337,0,0.117785
3338,1,0.284119
3339,1,0.199186
3340,0,0.225276
3341,0,0.160899
3342,0,0.182150
3343,1,0.295726
3344,0,0.176270
3345,0,0.213069
3346,0,0.160065
3347,0,0.281656
3348,0,0.187157
3349,0,0.191495
3350,1,0.254639
3351,1,0.591816
3352,0,0.212814
3353,1,0.265929
3354,1,0.389994
3355,0,0.242804
3356,1,0.356914
3357,1,0.611803
3358,1,0.244153
3359,1,0.430180
3360,1,0.126642
3361,0,0.044859
3362,1,0.210380
3363,0,0.202789
3364,1,0.334300
3365,1,0.440310
3366,0,0.113680
3367,0,0.414863
3368,0,0.251393
3369,1,0.470614
3370,1,0.562435
3371,0,0.189543
3372,1,0.475740
3373,1,0.414966
3374,0,0.285325
3375,1,0.600942
3376,1,0.285653
3377,0,0.107633
3378,1,0.501510
3379,0,0.112879
3380,1,0.414966
3381,1,0.069561
3382,0,0.101230
3383,0,0.049261
3384,0,0.193448
3385,0,0.076513
3386,1,0.306749
3387,1,0.361784
3388,0,0.116521
3389,0,0.102494
3390,1,0.269380
3391,0,0.100612
3392,1,0.299311
3393,0,0.212293
3394,1,0.386356
3395,0,0.289990
3396,0,0.201658
3397,0,0.255908
3398,1,0.380973
3399,0,0.259399
3400,0,0.285081
3401,0,0.151214
3402,1,0.306425
3403,1,0.411885
3404,1,0.367477
3405,1,0.364734
3406,1,0.237081
3407,1,0.468248
3408,1,0.513118
3409,1,0.669223
3410,0,0.243071
3411,1,0.532983
3412,1,0.183891
3413,1,0.392839
3414,1,0.344554
3415,0,0.166287
3416,1,0.383523
3417,0,0.130652
3418,1,0.196485
3419,1,0.431622
3420,0,0.222253
3421,1,0.166144
3422,1,0.180315
3423,0,0.084761
3424,0,0.239742
3425,0,-0.021093
3426,1,0.539964
3427,0,0.143468
3428,0,0.214223
3429,1,0.288924
3430,1,0.325624
3431,1,0.282080
3432,0,0.367391
3433,1,0.295112
3434,1,0.498560
3435,0,0.342790
3436,0,0.160634
3437,0,0.023084
3438,0,0.223926
3439,0,0.242894
3440,0,0.100889
3441,1,0.424053
3442,0,0.270199
3443,0,0.245152
3444,0,0.118023
3445,1,0.440842
3446,0,0.163458
3447,1,0.419098
3448,0,0.065299
3449,1,0.113247
3450,1,0.221829
3451,1,0.314795
3452,0,0.402754
3453,0,0.225407
3454,1,0.358178
3455,1,0.545698
3456,0,0.001079
3457,1,0.384014
3458,1,0.215486
3459,0,0.038161
3460,0,0.128071
3461,1,0.495637
3462,0,0.420267
3463,0,0.124441
3464,1,0.598240
3465,0,0.169682
3466,1,0.459013
3467,1,0.165921
3468,0,0.050414
3469,1,0.344809
3470,1,0.724673
3471,1,0.355253
3472,0,0.258330
3473,0,0.307871
3474,0,0.288317
3475,1,0.403846
3476,0,0.032841
3477,0,0.315812
3478,1,0.358148
3479,0,0.170715
3480,1,0.386356
3481,1,0.505976
3482,1,0.161852
3483,1,0.366979
3484,0,0.123773
3485,1,0.373138
3486,0,0.270227
3487,0,0.153894
3488,0,0.188518
3489,1,0.179601
3490,1,0.179202
3491,1,0.343807
3492,1,0.557859
3493,1,0.370521
3494,0,0.096377
3495,1,0.516897
3496,0,0.175562
3497,0,0.259614
3498,1,0.487440
3499,1,0.313715
3500,0,0.080415
3501,0,0.255285
3502,0,0.196469
3503,1,0.391260
3504,0,-0.003614
3505,0,0.098966
3506,1,0.264732
3507,1,0.314795
3508,0,0.088749
3509,0,0.101955
3510,1,0.416051
3511,1,0.215793
3512,0,0.088118
3513,0,0.133422
3514,1,0.407574
3515,0,0.157371
3516,0,0.294411
3517,1,0.162460
3518,1,0.496962
3519,0,0.114971
3520,1,0.297570
3521,0,0.025889
3522,1,0.233448
3523,0,0.132761
3524,1,0.369611
3525,1,0.322526
3526,1,0.409476
3527,0,0.237949
3528,1,0.449382
3529,1,0.358178
3530,0,0.246235
3531,1,0.553168
3532,0,0.167673
3533,1,0.425586
3534,1,0.336247
3535,1,0.334477
3536,0,0.219603
3537,0,0.236379
3538,0,0.233628
3539,1,0.315322
3540,0,0.185510
3541,1,0.510793
3542,1,0.303350
3543,1,0.431622
3544,0,0.331938
3545,0,0.352331
3546,0,0.109007
3547,1,0.643134
3548,0,0.233046
3549,0,0.263426
3550,0,0.043866
3551,0,0.146537
3552,0,0.158699
3553,1,0.166737
3554,0,0.120078
3555,0,0.149839
3556,1,0.333870
3557,0,0.167937
3558,0,0.190583
3559,0,0.217098
3560,1,0.279487
3561,1,0.494224
3562,1,0.292111
3563,0,0.234736
3564,0,0.258782
3565,1,0.451205
3566,0,0.109112
3567,1,0.300427
3568,1,0.322872
3569,1,0.124495
3570,1,0.408784
3571,0,0.310598
3572,1,0.393763
3573,0,0.279825
3574,0,0.131137
3575,1,0.229773
3576,0,0.239375
3577,0,0.051165
3578,0,0.195652
3579,0,0.292893
3580,1,0.232173
3581,0,0.174688
3582,0,0.014116
3583,0,0.129335
3584,1,0.080591
3585,0,0.116116
3586,1,0.389994
3587,0,0.246642
3588,0,0.391657
3589,0,0.149006
3590,1,0.211889
3591,0,0.122003
3592,0,0.241714
3593,0,0.190925
3594,0,0.228221
3595,1,0.465679
3596,1,0.383610
3597,1,0.505976
3598,0,0.081593
3599,0,0.224728
3600,0,0.244388
3601,0,0.321825
3602,1,0.204517
3603,0,0.285285
3604,1,0.308278
3605,1,0.345250
3606,0,0.256016
3607,1,0.259465
3608,1,0.598240
3609,0,0.400172
3610,1,0.283997
3611,0,0.177668
3612,0,0.143035
3613,0,0.196961
3614,1,0.346108
3615,0,0.048093
3616,0,0.095669
3617,0,0.162220
3618,1,0.414806
3619,1,0.266043
3620,1,0.419114
3621,0,0.231542
3622,1,0.334348
3623,0,0.144831
3624,1,0.266097
3625,1,0.069817
3626,0,0.220416
3627,0,0.294163
3628,1,0.615525
3629,0,0.344870
3630,0,0.362985
3631,1,0.210380
3632,1,0.441650
3633,0,0.107775
3634,1,0.297570
3635,0,0.237014
3636,1,0.516897
3637,0,0.060918
3638,0,0.313347
3639,1,0.463854
3640,1,0.490087
3641,0,0.329084
3642,1,0.107779
3643,1,0.246838
3644,0,0.096030
3645,1,0.380080
3646,1,0.114366
3647,1,0.481963
3648,0,0.054431
3649,0,0.080716
3650,1,0.325288
3651,0,0.236267
3652,0,0.080897
3653,0,0.138168
3654,0,0.235235
3655,0,-0.032099
3656,0,0.094271
3657,0,0.293022
3658,0,0.310344
3659,0,0.123682
3660,1,0.460203
3661,1,0.427060
3662,0,0.242425
3663,0,0.217126
3664,1,0.494725
3665,1,0.438472
3666,1,0.419448
3667,1,0.296533
3668,1,0.224593
3669,1,0.294994
3670,1,0.426002
3671,0,0.444268
3672,1,0.212981
3673,0,0.220876
3674,1,0.405691
3675,1,0.182133
3676,0,0.402831
3677,1,0.481291
3678,1,0.339170
3679,0,0.063207
3680,1,0.380579
3681,0,0.079439
3682,1,0.355943
3683,1,0.235020
3684,0,0.325669
3685,0,0.142332
3686,0,0.462214
3687,1,0.580053
3688,1,0.467332
3689,1,0.362770
3690,1,0.510629
3691,0,0.121252
3692,1,0.397581
3693,1,0.265153
3694,1,0.330305
3695,0,0.208123
3696,1,0.258979
3697,0,0.171511
3698,1,0.423728
3699,1,0.490880
3700,1,0.284184
3701,1,0.294097
3702,1,0.350021
3703,0,0.113954
3704,1,0.329579
3705,0,0.412572
3706,1,0.490880
3707,0,0.023561
3708,1,0.291301
3709,1,0.396883
3710,1,0.595830
3711,0,0.237821
3712,1,0.392839
3713,0,0.165094
3714,0,0.283318
3715,1,0.256001
3716,1,0.423227
3717,0,0.248162
3718,1,0.332097
3719,1,0.306522
3720,0,0.227262
3721,1,0.382275
3722,1,0.389994
3723,0,0.105636
3724,1,0.261740
3725,1,0.282080
3726,1,0.370942
3727,0,0.083752
3728,0,0.090016
3729,1,0.395564
3730,1,0.292804
3731,0,0.123585
3732,0,0.152690
3733,1,0.450937
3734,1,0.218548
3735,1,0.277435
3736,0,0.054683
3737,0,0.272445
3738,1,0.308377
3739,0,0.148731
3740,1,0.322526
3741,1,0.553168
3742,1,0.201438
3743,1,0.194156
3744,0,0.214496
3745,0,0.146183
3746,0,0.117353
3747,0,0.233862
3748,1,0.240365
3749,0,0.159120
3750,0,0.171017
3751,0,0.214694
3752,1,0.327535
3753,0,0.264315
3754,1,0.138422
3755,0,0.253559
3756,1,0.275902
3757,0,0.060429
3758,0,0.097522
3759,1,0.465805
3760,0,0.173918
3761,1,0.325624
3762,1,0.213570
3763,1,0.275325
3764,1,0.264670
3765,0,0.303650
3766,1,0.398614
3767,1,0.330914
3768,0,0.070753
3769,0,0.157362
3770,0,0.119485
3771,1,0.180856
3772,1,0.277271
3773,0,0.138199
3774,0,0.072284
3775,0,0.353416
3776,0,0.077090
3777,1,0.329600
3778,0,0.269438
3779,0,0.211433
3780,1,0.204718
3781,0,0.104064
3782,0,0.235310
3783,1,0.256001
3784,0,0.097600
3785,1,0.195541
3786,0,0.074570
3787,0,0.013187
3788,0,0.100977
3789,0,0.043895
3790,1,0.354189
3791,1,0.327535
3792,0,0.132789
3793,1,0.084353
3794,0,0.064502
3795,0,-0.074908
3796,0,0.080638
3797,0,0.092937
3798,0,0.088488
3799,0,0.208281
3800,0,0.145798
3801,1,0.441855
3802,0,0.162783
3803,0,0.048521
3804,0,0.240040
3805,1,0.331586
3806,1,0.495104
3807,1,0.288359
3808,0,0.285169
3809,1,0.335431
3810,0,0.221131
3811,0,0.388194
3812,0,0.206689
3813,1,0.229349
3814,0,0.127807
3815,0,0.207875
3816,1,0.424053
3817,1,0.165921
3818,0,0.072495
3819,0,0.148249
3820,0,0.150914
3821,1,0.178587
3822,1,0.133017
3823,0,0.085640
3824,1,0.362770
3825,0,0.178993
3826,1,0.396892
3827,0,0.133931
3828,0,0.198201
3829,1,0.391384
3830,0,0.053587
3831,0,0.041654
3832,1,0.215728
3833,0,0.284653
3834,0,0.157386
3835,0,0.237356
3836,0,0.149187
3837,1,0.350567
3838,0,0.254531
3839,1,0.005475
3840,0,0.071759
3841,1,0.115999
3842,1,0.184895
3843,1,0.265170
3844,1,0.229904
3845,0,0.123624
3846,0,0.364316
3847,1,0.260252
3848,1,0.541485
3849,1,0.086587
3850,1,0.741755
3851,1,0.313715
3852,0,0.175377
3853,1,0.283021
3854,1,0.264889
3855,0,0.163890
3856,0,0.057154
3857,1,0.368511
3858,0,0.152202
3859,1,0.473296
3860,1,0.425398
3861,0,0.058805
3862,1,0.472077
3863,1,0.352257
3864,0,0.363428
3865,0,0.311636
3866,0,0.171825
3867,1,0.395584
3868,1,0.265929
3869,1,0.478533
3870,1,0.385524
3871,1,0.305677
3872,0,0.263932
3873,0,0.300455
3874,0,0.161336
3875,1,0.599273
3876,0,0.202323
3877,0,0.203362
3878,1,0.386356
3879,1,0.386103
3880,1,0.245253
3881,1,0.444732
3882,0,0.244025
3883,1,0.314984
3884,0,0.061845
3885,0,0.372701
3886,1,0.295603
3887,1,0.389735
3888,0,0.090928
3889,0,0.114591
3890,0,0.216189
3891,0,0.024861
3892,1,0.262408
3893,1,0.177484
3894,0,0.281994
3895,1,0.216066
3896,0,0.315246
3897,1,0.138023
3898,1,0.338517
3899,0,0.030316
3900,1,0.375920
3901,0,0.135766
3902,1,0.444872
3903,1,0.518770
3904,1,0.079915
3905,0,0.214568
3906,0,0.253086
3907,0,0.060419
3908,0,0.223555
3909,0,0.061030
3910,0,0.200661
3911,0,0.250473
3912,1,0.183891
3913,1,0.549622
3914,1,0.403878
3915,1,0.323703
3916,0,0.040366
3917,0,0.151796
3918,0,0.234639
3919,1,0.237677
3920,1,0.494224
3921,1,0.466048
3922,0,0.261819
3923,1,0.547009
3924,1,0.373595
3925,0,0.377010
3926,1,0.683659
3927,0,-0.031992
3928,0,0.049739
3929,1,0.373069
3930,1,0.634711
3931,0,0.083115
3932,1,0.224123
3933,1,0.543366
3934,0,0.156085
3935,0,0.166386
3936,1,0.412133
3937,0,0.082544
3938,0,0.217345
3939,0,0.135971
3940,1,0.498972
3941,0,0.235952
3942,0,0.216142
3943,1,0.479881
3944,0,0.184231
3945,1,0.204747
3946,0,0.226113
3947,1,0.327099
3948,1,0.204743
3949,0,0.310345
3950,0,0.162819
3951,0,0.032980
3952,1,0.186500
3953,0,0.158095
3954,1,0.545607
3955,1,0.468248
3956,0,0.040897
3957,1,0.654291
3958,0,0.121575
3959,0,0.154445
3960,1,0.306256
3961,1,0.256193
3962,0,0.212607
3963,0,0.138162
3964,0,0.311486
3965,0,0.136182
3966,1,0.277487
3967,1,0.118458
3968,1,0.129244
3969,0,0.356395
3970,1,0.032751
3971,1,0.529447
3972,1,0.334414
3973,1,0.092183
3974,1,0.333660
3975,0,0.154640
3976,0,0.120049
3977,1,0.535698
3978,0,0.184644
3979,1,0.639216
3980,1,0.168405
3981,0,0.203389
3982,0,0.358841
3983,1,0.316042
3984,0,0.198176
3985,0,0.252340
3986,0,0.008240
3987,0,0.239792
3988,1,0.501510
3989,1,0.724673
3990,0,0.111994
3991,0,0.177533
3992,0,0.147927
3993,1,0.365366
3994,1,0.410981
3995,1,0.342503
3996,0,0.074685
3997,1,0.391530
3998,1,0.266658
3999,0,0.260288
4000,0,0.115253
4001,1,0.470932
4002,1,0.142766
4003,0,0.046505
4004,0,0.424276
4005,0,0.309965
4006,0,0.116007
4007,1,0.233353
4008,1,0.295684
4009,0,0.299614
4010,1,0.241156
4011,0,-0.045655
4012,1,0.261480
4013,1,0.355943
4014,0,0.284459
4015,1,0.255944
4016,1,0.422043
4017,1,0.204522
4018,0,0.276117
4019,1,0.460726
4020,1,0.356296
4021,0,0.163696
4022,0,0.152582
4023,1,0.319151
4024,0,0.120387
4025,1,0.318778
4026,0,0.285502
4027,0,0.078825
4028,1,0.436523
4029,1,0.478328
4030,0,0.109455
4031,1,0.625167
4032,0,0.279153
4033,1,0.328675
4034,0,0.195562
4035,1,0.435957
4036,1,0.355943
4037,1,0.078074
4038,1,0.156726
4039,0,0.186348
4040,1,0.299880
4041,0,0.303782
4042,1,0.466947
4043,1,0.354719
4044,1,0.144848
4045,1,0.431044
4046,0,0.204568
4047,1,0.557127
4048,0,0.172401
4049,1,0.429767
4050,0,0.223470
4051,1,0.202249
4052,0,0.184744
4053,0,0.313450
4054,1,0.433187
4055,0,0.116584
4056,0,0.275046
4057,0,0.326464
4058,0,0.062504
4059,1,0.327605
4060,1,0.517413
4061,1,0.370273
4062,0,0.236119
4063,1,0.264910
4064,1,0.362770
4065,1,0.336301
4066,0,0.069517
4067,0,0.171430
4068,0,0.217331
4069,0,0.202006
4070,1,0.382271
4071,0,0.287580
4072,0,0.214922
4073,1,0.366523
4074,0,0.167646
4075,1,0.351180
4076,0,0.191479
4077,0,0.202851
4078,1,0.350021
4079,0,0.152467
4080,1,0.518206
4081,1,0.280382
4082,0,0.398173
4083,0,0.081241
4084,1,0.475042
4085,0,0.237050
4086,1,0.279776
4087,0,0.231646
4088,1,0.137534
4089,0,0.287197
4090,1,0.204718
4091,1,0.487477
4092,1,0.180856
4093,0,0.197890
4094,1,0.175647
4095,1,0.323723
4096,1,0.232451
4097,1,0.031245
4098,0,0.077837
4099,0,0.136819
4100,1,0.132337
4101,1,0.263769
4102,1,0.430137
4103,0,0.149874
4104,1,0.131547
4105,1,0.380395
4106,0,0.219739
4107,0,0.307242
4108,1,0.192891
4109,1,0.192195
4110,0,0.174255
4111,1,0.425586
4112,1,0.406332
4113,1,0.460001
4114,0,0.326603
4115,0,0.310981
4116,0,0.218257
4117,1,0.505931
4118,0,0.201452
4119,0,0.171922
4120,1,0.368652
4121,0,0.444553
4122,0,0.397005
4123,0,0.109388
4124,1,0.266756
4125,0,0.046428
4126,1,0.228104
4127,1,0.367769
4128,0,0.135445
4129,0,0.145793
4130,0,0.104096
4131,0,0.356608
4132,0,0.211425
4133,1,0.419114
4134,1,0.490413
4135,1,0.321484
4136,0,0.228226
4137,0,0.120930
4138,1,0.487835
4139,1,0.529480
4140,0,0.077495
4141,0,0.163659
4142,0,0.265663
4143,0,0.152939
4144,0,0.235464
4145,0,0.078207
4146,1,0.435183
4147,1,0.396883
4148,0,0.146964
4149,0,0.291104
4150,1,0.294142
4151,1,0.380377
4152,0,0.258747
4153,1,0.265153
4154,1,0.605575
4155,1,0.075899
4156,1,0.337223
4157,1,0.229773
4158,0,0.303332
4159,0,0.234163
4160,1,0.385524
4161,1,0.291286
4162,1,0.404670
4163,0,0.181081
4164,1,0.436713
4165,1,0.373477
4166,1,0.451894
4167,0,0.221887
4168,0,0.140550
4169,0,0.171725
4170,1,0.141096
4171,0,0.242888
4172,0,0.319310
4173,0,0.182696
4174,1,0.482255
4175,0,0.279532
4176,1,0.440885
4177,0,0.027167
4178,0,0.069935
4179,0,0.134030
4180,1,0.384555
4181,1,0.397002
4182,0,0.065170
4183,1,0.449336
4184,1,0.143632
4185,0,0.059462
4186,0,0.099247
4187,1,0.508951
4188,0,0.366216
4189,0,0.183536
4190,0,0.077669
4191,1,0.297570
4192,1,0.329579
4193,1,0.330444
4194,1,0.275938
4195,0,0.040542
4196,1,0.412346
4197,0,0.083537
4198,1,0.154937
4199,1,0.137534
4200,0,0.137788
4201,1,0.452206
4202,1,0.260250
4203,1,0.212310
4204,0,0.236792
4205,0,0.231527
4206,1,0.386103
4207,0,0.233771
4208,0,0.265537
4209,0,0.206307
4210,1,0.473208
4211,0,0.269297
4212,0,0.064136
4213,1,0.332878
4214,0,0.094065
4215,0,0.174016
4216,0,0.148346
4217,1,0.212981
4218,0,0.017921
4219,1,0.275902
4220,0,0.241658
4221,1,0.389148
4222,0,0.305563
4223,0,0.204755
4224,0,0.077581
4225,0,0.052793
4226,1,0.322082
4227,1,0.281319
4228,1,0.473982
4229,0,0.162446
4230,1,0.325234
4231,0,0.325015
4232,1,0.380973
4233,0,0.116832
4234,1,0.252382
4235,1,0.350021
4236,1,0.378521
4237,1,0.353360
4238,1,0.492372
4239,0,0.216440
4240,1,0.295157
4241,0,0.072103
4242,0,0.128799
4243,1,0.438133
4244,1,0.229773
4245,1,0.283021
4246,0,0.131900
4247,1,0.264813
4248,1,0.314984
4249,1,0.724673
4250,1,0.331586
4251,1,0.398939
4252,1,0.367477
4253,1,0.479868
4254,1,0.320457
4255,0,0.287226
4256,1,0.429905
4257,1,0.288768
4258,0,0.143267
4259,1,0.192195
4260,0,0.128525
4261,1,0.277208
4262,1,0.412133
4263,1,0.415667
4264,1,0.373595
4265,0,0.050975
4266,0,0.372306
4267,1,0.262675
4268,0,0.246189
4269,1,0.395971
4270,1,0.611803
4271,0,0.181499
4272,1,0.354746
4273,0,0.170729
4274,1,0.343807
4275,1,0.153637
4276,0,0.231332
4277,1,0.412449
4278,1,0.312037
4279,1,0.393585
4280,0,0.247889
4281,1,0.524193
4282,0,0.045251
4283,1,0.346254
4284,1,0.352392
4285,1,0.216743
4286,0,0.114176
4287,1,0.402910
4288,1,0.456184
4289,1,0.313882
4290,1,0.192891
4291,0,0.143055
4292,1,0.187740
4293,1,0.418987
4294,1,0.332124
4295,1,0.442691
4296,0,0.025771
4297,0,0.156638
4298,0,0.187661
4299,0,0.289254
4300,1,0.512691
4301,0,0.234415
4302,1,0.449897
4303,1,0.380855
4304,1,0.343752
4305,1,0.294239
4306,0,0.131125
4307,1,0.201960
4308,0,0.189883
4309,0,0.301848
4310,1,0.211889
4311,0,0.088425
4312,0,0.178035
4313,1,0.343905
4314,0,0.031099
4315,1,0.226114
4316,1,0.333216
4317,1,0.329698
4318,0,0.203069
4319,0,0.119452
4320,1,0.418293
4321,1,0.047203
4322,1,0.386939
4323,1,0.374525
4324,0,0.283834
4325,1,0.485881
4326,1,0.180315
4327,0,0.174826
4328,0,0.115378
4329,1,0.210380
4330,1,0.436960
4331,0,0.159406
4332,0,0.087328
4333,1,0.317288
4334,0,0.153779
4335,1,0.539964
4336,1,0.631602
4337,1,0.386356
4338,0,0.350997
4339,1,0.186500
4340,1,0.479868
4341,1,0.260386
4342,0,0.163654
4343,1,0.246838
4344,0,0.155865
4345,0,0.299194
4346,1,0.327579
4347,0,0.143598
4348,1,0.345733
4349,0,0.027380
4350,0,0.226031
4351,1,0.279927
4352,1,0.395076
4353,0,0.192447
4354,0,0.195057
4355,1,0.274596
4356,0,0.473267
4357,1,0.250404
4358,1,0.112160
4359,1,0.228104
4360,1,0.295726
4361,0,0.065703
4362,0,0.209636
4363,1,0.086587
4364,0,0.237169
4365,1,0.389994
4366,1,0.474521
4367,0,0.110101
4368,0,0.229304
4369,0,0.305315
4370,1,0.380395
4371,1,0.076602
4372,0,0.278234
4373,1,0.409713
4374,1,0.352218
4375,1,0.486753
4376,0,0.345231
4377,0,0.198185
4378,0,0.305002
4379,0,0.020967
4380,0,0.184664
4381,0,0.466208
4382,0,0.125396
4383,0,0.050547
4384,1,0.462074
4385,1,0.360014
4386,0,0.431996
4387,0,0.175046
4388,0,0.247443
4389,1,0.245223
4390,0,0.029882
4391,0,0.107622
4392,0,0.333281
4393,0,0.176251
4394,0,0.218376
4395,1,0.116752
4396,1,0.382108
4397,0,0.223450
4398,1,0.418701
4399,1,0.256538
4400,1,0.413573
4401,0,0.223629
4402,0,0.217446
4403,1,0.445790
4404,0,0.255768
4405,0,0.134555
4406,0,0.219123
4407,1,0.202096
4408,0,0.248390
4409,0,0.281745
4410,1,0.431008
4411,0,0.239268
4412,0,0.148797
4413,1,0.581229
4414,0,0.242997
4415,1,0.296951
4416,1,0.254779
4417,1,0.393735
4418,1,0.277487
4419,1,0.430137
4420,1,0.242749
4421,1,0.192367
4422,0,0.287529
4423,1,0.326024
4424,0,0.088088
4425,1,0.110639
4426,0,0.211827
4427,1,0.449123
4428,1,0.288985
4429,0,0.107434
4430,1,0.580508
4431,0,0.259466
4432,0,0.097838
4433,0,0.377908
4434,0,0.063679
4435,0,0.200316
4436,0,0.307363
4437,0,0.217168
4438,1,0.230788
4439,1,0.372101
4440,1,0.264889
4441,1,0.313715
4442,1,0.311223
4443,1,0.142766
4444,1,0.404503
4445,0,0.114759
4446,1,0.312343
4447,1,0.541485
4448,0,0.103736
4449,0,0.237384
4450,1,0.445386
4451,1,0.385524
4452,0,0.193075
4453,1,0.316174
4454,1,0.264889
4455,0,0.153615
4456,1,0.511534
4457,0,0.313425
4458,1,0.230788
4459,1,0.352218
4460,1,0.348548
4461,1,0.448873
4462,1,0.205255
4463,1,0.545771
4464,0,-0.040756
4465,0,0.236359
4466,1,0.203948
4467,0,0.203286
4468,1,0.117940
4469,0,-0.035888
4470,1,0.213440
4471,1,0.449382
4472,0,0.175401
4473,1,0.402701
4474,0,0.252669
4475,0,0.217717
4476,1,0.279487
4477,1,0.286451
4478,1,0.478533
4479,0,0.206879
4480,1,0.410911
4481,0,0.118618
4482,1,0.551467
4483,0,0.372916
4484,0,0.114232
4485,1,0.416003
4486,0,0.183426
4487,0,0.049768
4488,0,0.285426
4489,1,0.517994
4490,1,0.428031
4491,1,0.355767
4492,0,0.362391
4493,1,0.384555
4494,0,0.015508
4495,1,0.460243
4496,0,0.241359
4497,1,0.499578
4498,1,0.325573
4499,1,0.259465
4500,0,0.204680
4501,1,0.417442
4502,1,0.288531
4503,0,0.262596
4504,1,0.335202
4505,1,0.245375
4506,1,0.595830
4507,1,0.294057
4508,1,0.442119
4509,0,0.090168
4510,1,0.323703
4511,0,0.135474
4512,1,0.405003
4513,0,0.263218
4514,0,0.195569
4515,0,0.116544
4516,1,0.357780
4517,0,0.140557
4518,1,0.196038
4519,0,0.033558
4520,0,0.420043
4521,1,0.370576
4522,0,0.112987
4523,0,0.250445
4524,1,0.346358
4525,0,0.386951
4526,0,0.096888
4527,1,0.336301
4528,0,0.119996
4529,1,0.343269
4530,0,0.179090
4531,0,0.238180
4532,0,0.270817
4533,1,0.546471
4534,0,0.193909
4535,0,0.127443
4536,1,0.275325
4537,1,0.280057
4538,1,0.350734
4539,0,0.230882
4540,0,0.227226
4541,1,0.175105
4542,1,0.463854
4543,0,0.271315
4544,0,0.195768
4545,0,0.271838
4546,0,0.257432
4547,1,0.538588
4548,1,0.437869
4549,0,0.310943
4550,1,0.466048
4551,1,0.080582
4552,1,0.291480
4553,0,0.323538
4554,0,0.000528
4555,1,0.247715
4556,1,0.263232
4557,1,0.405283
4558,1,0.317288
4559,0,0.211520
4560,0,0.280161
4561,0,0.157767
4562,0,0.109425
4563,1,0.478226
4564,1,0.275902
4565,1,0.438782
4566,1,0.382046
4567,0,0.061874
4568,0,0.141363
4569,0,0.039105
4570,1,0.586816
4571,0,0.114946
4572,0,-0.006496
4573,0,0.315341
4574,0,0.247249
4575,0,0.216873
4576,1,0.466048
4577,0,0.147039
4578,1,0.373477
4579,1,0.416728
4580,1,0.294994
4581,0,0.000875
4582,0,0.098118
4583,1,0.212310
4584,0,0.104531
4585,1,0.262279
4586,0,0.248044
4587,1,0.580053
4588,0,0.188195
4589,1,0.470614
4590,1,-0.004564
4591,0,0.102724
4592,1,0.159977
4593,0,0.157438
4594,0,0.187655
4595,0,0.062417
4596,1,0.225732
4597,0,0.106761
4598,0,0.136065
4599,1,0.373947
4600,0,0.213518
4601,1,0.623608
4602,1,0.405623
4603,0,0.261074
4604,1,0.373595
4605,1,0.453369
4606,1,0.328316
4607,1,0.255447
4608,1,0.283997
4609,1,0.284462
4610,1,0.147968
4611,1,0.136331
4612,0,0.169645
4613,1,0.373378
4614,1,0.415148
4615,0,0.178396
4616,0,0.170372
4617,0,0.102122
4618,0,0.127630
4619,0,0.100103
4620,1,0.334477
4621,0,0.277703
4622,0,0.258062
4623,0,0.318715
4624,0,0.287243
4625,0,0.262094
4626,1,0.461032
4627,0,0.218200
4628,0,0.089631
4629,1,0.453785
4630,1,0.416728
4631,1,0.415338
4632,0,0.224147
4633,1,0.252814
4634,0,0.092407
4635,1,0.512252
4636,1,0.373595
4637,0,0.325925
4638,1,0.395564
4639,1,0.294994
4640,1,0.399942
4641,1,0.356813
4642,0,0.110252
4643,0,0.177981
4644,1,0.411658
4645,1,0.147968
4646,0,0.114095
4647,0,0.450627
4648,1,0.215486
4649,1,0.360521
4650,1,0.514276
4651,1,0.469365
4652,0,0.189565
4653,1,0.396692
4654,1,0.341451
4655,0,0.015262
4656,0,0.283071
4657,1,0.454980
4658,0,0.254768
4659,1,0.288768
4660,0,0.105169
4661,0,0.022683
4662,1,0.196485
4663,1,0.395381
4664,1,0.265272
4665,1,0.279493
4666,0,0.284892
4667,1,0.410911
4668,0,0.185603
4669,1,0.344809
4670,1,0.355676
4671,0,0.195555
4672,0,0.194554
4673,0,0.277969
4674,1,0.338517
4675,1,0.298580
4676,1,0.295157
4677,1,0.300844
4678,1,0.243679
4679,1,0.430180
4680,0,0.151139
4681,0,0.106080
4682,1,0.597276
4683,0,0.304574
4684,1,0.239030
4685,1,0.581229
4686,1,0.189011
4687,1,0.313067
4688,0,0.067991
4689,0,0.186275
4690,1,0.274021
4691,0,0.370214
4692,0,0.158397
4693,0,0.157556
4694,1,0.333826
4695,0,0.091137
4696,1,0.286451
4697,0,0.206765
4698,0,0.219735
4699,1,0.661656
4700,0,0.052638
4701,0,0.185659
4702,1,0.530612
4703,0,0.270728
4704,0,0.317916
4705,0,0.112661
4706,1,0.498279
4707,0,0.126329
4708,1,0.143632
4709,0,0.073614
4710,1,0.416092
4711,1,0.350567
4712,1,0.213440
4713,1,0.414806
4714,0,0.157278
4715,0,0.347222
4716,0,0.162883
4717,0,0.111665
4718,0,0.259760
4719,0,0.171892
4720,0,0.213440
4721,0,0.118601
4722,1,0.366702
4723,1,0.313551
4724,0,0.306542
4725,1,0.475740
4726,1,0.535050
4727,1,0.320513
4728,0,0.328174
4729,1,0.443359
4730,1,0.394549
4731,1,0.369624
4732,1,0.458881
4733,0,0.087887
4734,0,0.142686
4735,0,0.151875
4736,1,0.177101
4737,0,0.041514
4738,0,0.137098
4739,1,0.478533
4740,0,0.317083
4741,0,0.108849
4742,1,0.298078
4743,1,0.380291
4744,1,0.542509
4745,1,0.473230
4746,0,0.158332
4747,1,0.479881
4748,0,0.143323
4749,0,0.349495
4750,0,0.201646
4751,0,0.157667
4752,0,0.237313
4753,0,0.049179
4754,1,0.298012
4755,0,0.021834
4756,0,0.136360
4757,0,0.183146
4758,0,0.091626
4759,1,0.313343
4760,1,0.034694
4761,0,0.187526
4762,1,0.410513
4763,0,0.255631
4764,1,0.557859
4765,1,0.444427
4766,0,0.268892
4767,1,0.325573
4768,1,0.471563
4769,1,0.353646
4770,1,0.243394
4771,0,0.122152
4772,1,0.320513
4773,0,0.247846
4774,0,0.298551
4775,0,0.225024
4776,0,0.096178
4777,1,0.554948
4778,0,0.346479
4779,1,0.538781
4780,0,0.370824
4781,0,0.039783
4782,1,0.269150
4783,1,0.381458
4784,1,0.277487
4785,1,0.449123
4786,1,0.435187
4787,1,0.173085
4788,1,0.568275
4789,0,0.130499
4790,1,0.515347
4791,0,0.136998
4792,1,0.232173
4793,1,0.134869
4794,1,0.570761
4795,1,0.354151
4796,1,0.326334
4797,0,0.274417
4798,0,0.177814
4799,0,0.075365
4800,1,0.132571
4801,0,0.188749
4802,0,0.244934
4803,0,0.128630
4804,0,0.113012
4805,1,0.294452
4806,0,0.147786
4807,0,0.149658
4808,0,0.288856
4809,0,0.182351
4810,1,0.341137
4811,0,-0.014500
4812,0,0.378585
4813,1,0.107779
4814,0,0.174051
4815,1,0.391467
4816,0,0.113709
4817,0,0.086632
4818,0,0.063770
4819,0,0.241369
4820,0,0.311720
4821,0,0.167127
4822,1,0.245223
4823,0,0.239895
4824,0,0.087869
4825,1,0.367939
4826,0,0.317313
4827,1,0.200608
4828,1,0.197529
4829,1,0.293649
4830,0,0.182282
4831,1,0.179202
4832,0,0.057640
4833,1,0.277271
4834,1,0.360042
4835,0,0.175021
4836,0,0.204907
4837,1,0.335718
4838,0,0.140530
4839,0,0.172185
4840,1,0.403140
4841,0,0.189322
4842,1,0.024220
4843,0,0.275303
4844,0,0.132161
4845,0,0.352263
4846,0,0.064861
4847,1,0.149247
4848,1,0.251170
4849,0,0.140598
4850,0,0.127278
4851,0,0.172379
4852,0,0.220942
4853,1,0.132571
4854,0,0.178482
4855,1,0.404019
4856,1,0.353646
4857,1,0.582777
4858,1,0.385978
4859,1,0.496543
4860,0,0.198541
4861,1,0.447002
4862,0,0.374302
4863,1,0.175647
4864,0,0.275110
4865,0,0.211017
4866,0,-0.032940
4867,0,0.316401
4868,0,0.155763
4869,1,0.300844
4870,0,0.089320
4871,1,0.308212
4872,1,0.137015
4873,1,0.396892
4874,1,0.277196
4875,0,0.162611
4876,1,0.183891
4877,1,0.404503
4878,0,0.302725
4879,0,0.271042
4880,1,0.119298
4881,0,0.217890
4882,1,0.464107
4883,1,0.379007
4884,1,0.274495
4885,0,0.388751
4886,0,0.284822
4887,1,0.374686
4888,0,0.239117
4889,1,0.161412
4890,0,0.161544
4891,0,0.258705
4892,0,0.083775
4893,1,0.449897
4894,1,0.237081
4895,0,0.151855
4896,1,0.318162
4897,1,0.361939
4898,1,0.314207
4899,1,0.256538
4900,0,0.067516
4901,0,0.252209
4902,1,0.368058
4903,0,0.404123
4904,0,0.019421
4905,1,0.319151
4906,0,0.004166
4907,0,0.214865
4908,0,0.329072
4909,0,0.181740
4910,0,0.097920
4911,0,0.095117
4912,0,0.205813
4913,0,0.186262
4914,0,0.160294
4915,0,0.226074
4916,0,0.067967
4917,0,0.106308
4918,0,0.223848
4919,1,0.274267
4920,1,0.387864
4921,1,0.183891
4922,0,0.091515
4923,1,0.406332
4924,1,0.200557
4925,1,0.246919
4926,1,0.221381
4927,1,0.334414
4928,1,0.532706
4929,0,0.326900
4930,1,0.242213
4931,0,0.062125
4932,1,0.440149
4933,0,0.215097
4934,0,0.105332
4935,1,0.314725
4936,1,0.333271
4937,1,0.516984
4938,0,0.245077
4939,1,0.541485
4940,1,0.331327
4941,1,0.372200
4942,0,0.298577
4943,1,0.289971
4944,0,0.076733
4945,0,0.382145
4946,1,0.116752
4947,0,0.175620
4948,1,0.200406
4949,1,0.371297
4950,0,0.281497
4951,1,0.154642
4952,1,0.253756
4953,1,0.337849
4954,0,0.362439
4955,1,0.279949
4956,1,0.351051
4957,0,0.151954
4958,0,0.128155
4959,0,0.110918
4960,1,0.252814
4961,0,0.228132
4962,1,0.579147
4963,1,0.490880
4964,1,0.107779
4965,1,0.496962
4966,1,0.470932
4967,0,0.121355
4968,1,0.246919
4969,1,0.310077
4970,1,0.286451
4971,1,0.579950
4972,0,0.319456
4973,0,0.208236
4974,0,0.138696
4975,1,0.471589
4976,1,0.386356
4977,0,0.329638
4978,1,0.177571
4979,1,0.171681
4980,1,0.516956
4981,1,0.368257
4982,0,0.074199
4983,1,0.477838
4984,0,0.114143
4985,0,0.075372
4986,1,0.389866
4987,1,0.406498
4988,1,0.336301
4989,0,0.196745
4990,1,0.289986
4991,1,0.405623
4992,1,0.449661
4993,0,0.098346
4994,1,0.118003
4995,0,0.045823
4996,1,0.338517
4997,1,0.346012
4998,1,0.297142
4999,0,0.271931
